date,weight_BTC-USD,weight_GC=F,weight_^GSPC,weight_ETH-USD,weight_^NSEI
2019-02-11,0.0,0.9634689449274275,1.0,0.0,1.0
2019-02-12,0.0,0.9821324002817587,1.0,0.0,1.0
2019-02-14,0.0,0.9793924482549201,1.0,0.0,1.0
2019-02-15,0.0,0.9816727270131461,1.0,0.0,1.0
2019-02-19,0.0014438626981517562,0.9775160863057868,0.9985561373018482,0.0,1.0
2019-02-20,0.0,1.0,1.0,0.0,1.0
2019-02-21,0.0,1.0,1.0,0.0,1.0
2019-02-22,0.0,1.0,1.0,0.0,1.0
2019-02-25,0.0,1.0,1.0,0.0,1.0
2019-02-26,0.0,1.0,1.0,0.0,1.0
2019-02-27,0.0,1.0,1.0,0.0,1.0
2019-02-28,0.0,1.0,1.0,0.0,1.0
2019-03-01,0.0,1.0,1.0,0.0,1.0
2019-03-06,0.0,1.0,1.0,0.0,1.0
2019-03-07,0.0,0.9999798209676368,1.0,0.0,1.0
2019-03-08,0.0,1.0,1.0,0.0,1.0
2019-03-11,0.0,0.9927754461998958,1.0,0.0,1.0
2019-03-12,0.0,0.991530527243158,1.0,0.0,1.0
2019-03-13,0.0,0.9901840770258742,1.0,0.00036752991876618613,0.9996324700812338
2019-03-14,0.0,0.9853303335446605,1.0,0.0007219267113121079,0.9992780732886879
2019-03-15,0.0,0.9820019395041023,1.0,0.0003830866007308311,0.9996169133992692
2019-03-18,0.0,0.9819295140870522,1.0,8.192264835202474e-07,0.9999991807735165
2019-03-19,0.0,0.9807370098259471,1.0,2.485607443984921e-05,0.9999751439255602
2019-03-20,0.0,0.9808870407032538,1.0,0.0,1.0
2019-03-22,0.0,0.9803088621278007,1.0,0.0019670586330236047,0.9980329413669764
2019-03-25,0.0,0.9794253266187475,1.0,0.0005882359940912732,0.9994117640059087
2019-03-26,0.0,0.9698663841857859,1.0,0.0,1.0
2019-03-27,0.0,0.9679810256069558,1.0,0.0017434465069615785,0.9982565534930384
2019-03-28,0.0,0.974104801376323,1.0,0.0,1.0
2019-04-01,0.0,0.9693987268233547,1.0,0.004023918679193587,0.9959760813208064
2019-04-02,0.001902622885082993,0.9718067495861679,0.998097377114917,0.004823547872158935,0.9951764521278411
2019-04-03,0.0,0.9971818773652011,1.0,0.00030133092200182785,0.9996986690779982
2019-04-04,0.0,0.9964263178604337,1.0,0.0001397321077761399,0.9998602678922238
2019-04-08,0.0,0.9960271448572685,1.0,0.0,1.0
2019-04-09,0.0,1.0,1.0,0.0,1.0
2019-04-10,0.0,0.9977602264457627,1.0,0.0,1.0
2019-04-11,0.0,0.9972505473109889,1.0,0.0,1.0
2019-04-12,0.0,1.0,1.0,0.0,1.0
2019-04-15,0.0,1.0,1.0,0.0,1.0
2019-04-16,0.0,1.0,1.0,0.0,1.0
2019-04-18,0.0,1.0,1.0,0.0,1.0
2019-04-23,0.0,1.0,1.0,0.001145195456199717,0.9988548045438003
2019-04-24,0.0,1.0,1.0,0.0005811966646314985,0.9994188033353685
2019-04-26,0.0,1.0,1.0,0.0032394117497171115,0.9967605882502829
2019-04-30,0.0,0.9955485645909726,1.0,0.005699779650497441,0.9943002203495026
2019-05-02,0.0,0.9943300198708777,1.0,0.007071297721435648,0.9929287022785643
2019-05-03,0.0,0.9889350864136224,1.0,0.006645575648072379,0.9933544243519277
2019-05-06,0.0,0.9911797742983298,1.0,0.007417380960939521,0.9925826190390605
2019-05-07,0.0,0.990966753219562,1.0,0.015285474862823539,0.9847145251371765
2019-05-08,0.0,0.9901490959741042,1.0,0.013645403959473345,0.9863545960405267
2019-05-09,0.0,0.9911025812042795,1.0,0.013601421604624362,0.9863985783953756
2019-05-10,0.0,0.9920356125573493,1.0,0.012519652883228536,0.9874803471167715
2019-05-14,0.0,0.9938837509174118,1.0,0.011336418926836348,0.9886635810731637
2019-05-15,0.010744968630299672,1.0,0.9892550313697003,0.00451877766019577,0.9954812223398042
2019-05-16,0.009635917721786971,1.0,0.990364082278213,0.0089335640509784,0.9910664359490216
2019-05-17,0.010362161363454797,1.0,0.9896378386365452,0.008096130598432588,0.9919038694015674
2019-05-21,0.007068442723625017,1.0,0.9929315572763749,0.013912288310873547,0.9860877116891265
2019-05-23,0.005704442606751119,1.0,0.9942955573932489,0.021503537638189532,0.9784964623618104
2019-05-24,0.009810294049553105,1.0,0.9901897059504469,0.01893715887703411,0.9810628411229659
2019-05-28,0.008637111902650632,1.0,0.9913628880973494,0.02173724010320343,0.9782627598967966
2019-05-29,0.012940716595194768,1.0,0.9870592834048052,0.018123191689064615,0.9818768083109354
2019-05-30,0.011790455156019975,1.0,0.98820954484398,0.016719947946931032,0.983280052053069
2019-05-31,0.010097682747927071,1.0,0.9899023172520729,0.016212166408327847,0.9837878335916721
2019-06-03,0.013251601784757072,1.0,0.986748398215243,0.014951835566090015,0.98504816443391
2019-06-04,0.010330973011535391,1.0,0.9896690269884646,0.0157630825289434,0.9842369174710566
2019-06-06,0.019516268826712382,1.0,0.9804837311732876,0.014202580919040489,0.9857974190809595
2019-06-11,0.029944587022858134,1.0,0.9700554129771418,0.01600079716531658,0.9839992028346835
2019-06-12,0.03240938986494495,1.0,0.9675906101350551,0.017229551401257214,0.9827704485987427
2019-06-13,0.030057549251056036,1.0,0.9699424507489439,0.018736181793018773,0.9812638182069813
2019-06-14,0.02950504233991532,1.0,0.9704949576600846,0.018515438491973554,0.9814845615080264
2019-06-17,0.025384705984627255,1.0,0.9746152940153727,0.019614461056887522,0.9803855389431124
2019-06-18,0.02092816926730551,1.0,0.9790718307326944,0.02636364302010839,0.9736363569798916
2019-06-19,0.028633333408031623,1.0,0.9713666665919684,0.02640174135085037,0.9735982586491496
2019-06-21,0.026464687582073154,0.9997975843290435,0.9735353124179269,0.02608941363953115,0.9739105863604689
2019-06-24,0.018923650822060566,1.0,0.9810763491779394,0.020967712137531576,0.9790322878624684
2019-06-25,0.01797882673487528,1.0,0.9820211732651247,0.021766503560274795,0.9782334964397252
2019-06-26,0.021294662726818975,1.0,0.978705337273181,0.022561785575107487,0.9774382144248925
2019-06-27,0.016891130443338283,1.0,0.9831088695566618,0.020179039440653426,0.9798209605593465
2019-06-28,0.010680329169751894,1.0,0.9893196708302481,0.011301822186886409,0.9886981778131136
2019-07-02,0.00866888245573546,1.0,0.9913311175442645,0.014332494537226403,0.9856675054627736
2019-07-03,0.01000217841740321,1.0,0.9899978215825967,0.016340851925619918,0.98365914807438
2019-07-05,0.008193159922496036,1.0,0.991806840077504,0.01589490522235705,0.984105094777643
2019-07-08,0.005894115729727288,1.0,0.9941058842702727,0.014744978259112898,0.9852550217408871
2019-07-10,0.008566153295833096,1.0,0.9914338467041669,0.038494932428746804,0.9615050675712532
2019-07-11,0.010233436830689826,1.0,0.9897665631693102,0.03193346457309239,0.9680665354269076
2019-07-12,0.00821148711289344,1.0,0.9917885128871066,0.02680576280637369,0.9731942371936263
2019-07-15,0.00819778990772971,1.0,0.9918022100922703,0.024952252174375474,0.9750477478256245
2019-07-16,0.006260869384986533,1.0,0.9937391306150135,0.01563907271516657,0.9843609272848335
2019-07-17,0.003938062332403298,1.0,0.9960619376675967,0.016555896529738993,0.983444103470261
2019-07-18,0.004149950241480768,1.0,0.9958500497585192,0.015305393524827644,0.9846946064751724
2019-07-19,0.0032338339364242044,1.0,0.9967661660635758,0.017294407738039017,0.982705592261961
2019-07-22,0.0031050494456890776,1.0,0.9968949505543109,0.01934835186020732,0.9806516481397927
2019-07-23,0.0030292939094397064,1.0,0.9969707060905603,0.01874571244402979,0.9812542875559702
2019-07-24,0.006474143352216443,1.0,0.9935258566477836,0.01823320586373072,0.9817667941362693
2019-07-25,0.0062067401519079945,1.0,0.993793259848092,0.01885955741626378,0.9811404425837362
2019-07-26,0.00612838314297274,1.0,0.9938716168570273,0.01810494722080576,0.9818950527791942
2019-07-29,0.006964934656719621,1.0,0.9930350653432803,0.017692365027931412,0.9823076349720686
2019-07-30,0.005860705172036215,1.0,0.9941392948279638,0.017902799382436378,0.9820972006175637
2019-07-31,0.0055796373713411914,1.0,0.9944203626286588,0.018423316369078284,0.9815766836309218
2019-08-01,0.009292601200266181,1.0,0.9907073987997338,0.017253099335224915,0.9827469006647751
2019-08-02,0.009838256151013273,1.0,0.9901617438489867,0.01788932988555519,0.9821106701144449
2019-08-06,0.01189793254248025,1.0,0.9881020674575197,0.01716513003777416,0.9828348699622258
2019-08-07,0.005165646527623745,1.0,0.9948343534723763,0.02455262639498593,0.9754473736050141
2019-08-08,0.004989748245441171,1.0,0.9950102517545588,0.025597623973558525,0.9744023760264415
2019-08-09,0.012639560726596187,1.0,0.9873604392734038,0.03134513838081016,0.9686548616191898
2019-08-13,0.01603945690612169,1.0,0.9839605430938783,0.025020445308252995,0.974979554691747
2019-08-14,0.026701169475679538,1.0,0.9732988305243204,0.02276290554704908,0.9772370944529509
2019-08-16,0.03411609257949315,1.0,0.9658839074205069,0.016078188304423438,0.9839218116955766
2019-08-19,0.04066794961354048,1.0,0.9593320503864595,0.017646392111925854,0.9823536078880741
2019-08-20,0.0335640096009626,1.0,0.9664359903990374,0.0185166761034847,0.9814833238965153
2019-08-21,0.028804840700403,1.0,0.971195159299597,0.019978647555641695,0.9800213524443583
2019-08-22,0.022368301768756822,1.0,0.9776316982312432,0.017621150750504175,0.9823788492494958
2019-08-23,0.019177910915577082,1.0,0.9808220890844229,0.029976743885918485,0.9700232561140815
2019-08-26,0.02964148843424969,1.0,0.9703585115657503,0.031981182901623995,0.968018817098376
2019-08-27,0.02612443489153922,1.0,0.9738755651084607,0.037560138241932196,0.9624398617580678
2019-08-28,0.02350908574088255,1.0,0.9764909142591175,0.03988226664562162,0.9601177333543783
2019-08-29,0.01635247852025595,1.0,0.9836475214797441,0.029481434182603405,0.9705185658173966
2019-08-30,0.029520217916135114,1.0,0.9704797820838649,0.026168611528069208,0.9738313884719307
2019-09-03,0.02650132433117692,1.0,0.9734986756688231,0.023692031660280756,0.9763079683397192
2019-09-04,0.018263393997937256,1.0,0.9817366060020627,0.033729524568907765,0.9662704754310922
2019-09-05,0.025775397872408436,1.0,0.9742246021275915,0.03573036506317888,0.9642696349368212
2019-09-06,0.02371442353200449,1.0,0.9762855764679955,0.03309537683585742,0.9669046231641426
2019-09-09,0.021316383259189938,1.0,0.9786836167408101,0.0374956089640637,0.9625043910359363
2019-09-11,0.020073949642936288,1.0,0.9799260503570637,0.03322563835551222,0.9667743616444878
2019-09-12,0.022198615081009964,1.0,0.97780138491899,0.03226803062257623,0.9677319693774238
2019-09-13,0.01977376233674691,1.0,0.9802262376632531,0.0335444779962544,0.9664555220037456
2019-09-16,0.017618090548684885,1.0,0.9823819094513151,0.032287480649217014,0.967712519350783
2019-09-17,0.016290846381062263,1.0,0.9837091536189377,0.03555308729418248,0.9644469127058175
2019-09-18,0.021527243290258284,1.0,0.9784727567097418,0.03508738615140562,0.9649126138485944
2019-09-19,0.018515840989424347,1.0,0.9814841590105756,0.03323220150616063,0.9667677984938394
2019-09-20,0.016529809901404808,1.0,0.9834701900985952,0.04400683518270252,0.9559931648172975
2019-09-23,0.014255954179337291,1.0,0.9857440458206627,0.15823413261869826,0.8417658673813018
2019-09-24,0.006334190978175583,1.0,0.9936658090218244,0.14163495693859532,0.8583650430614047
2019-09-25,0.0,1.0,1.0,0.07289730204862993,0.9271026979513701
2019-09-26,0.0,1.0,1.0,0.06763256798727257,0.9323674320127274
2019-09-27,0.0,1.0,1.0,0.06523211715156217,0.9347678828484378
2019-09-30,0.0,1.0,1.0,0.06051131704582163,0.9394886829541784
2019-10-04,0.0,0.9968285742577511,1.0,0.061105613477620196,0.9388943865223798
2019-10-09,0.0,0.9776033747327418,1.0,0.06558215793627978,0.9344178420637202
2019-10-10,0.0,0.9809029444563503,1.0,0.05545169153650729,0.9445483084634927
2019-10-11,0.0,0.9808365629376448,1.0,0.05125910862645353,0.9487408913735464
2019-10-15,0.0,0.9852372496843644,1.0,0.04471866750773079,0.9552813324922692
2019-10-16,0.003384532716155077,0.9852191529858831,0.9966154672838449,0.05004088660273675,0.9499591133972632
2019-10-17,0.0018811191049224343,0.9820747216247282,0.9981188808950776,0.04775274439248681,0.9522472556075132
2019-10-18,0.00046022674232373855,0.9821390565563436,0.9995397732576763,0.04615515461380792,0.9538448453861921
2019-10-22,0.0,0.9839178280103806,1.0,0.04283324246628069,0.9571667575337193
2019-10-23,0.0,0.9817069041733074,1.0,0.04329687082648181,0.9567031291735182
2019-10-24,0.0,0.9860908641284901,1.0,0.03732225730206645,0.9626777426979336
2019-10-25,0.0,0.9859969395865175,1.0,0.03650165668409706,0.9634983433159029
2019-10-29,0.0,1.0,1.0,0.023831860070755946,0.976168139929244
2019-10-30,0.0,0.9964376187303098,1.0,0.023217710481129587,0.9767822895188704
2019-10-31,0.0,0.9952848965545582,1.0,0.023531101483979255,0.9764688985160207
2019-11-01,0.0,0.9927818793724271,1.0,0.02273388301492831,0.9772661169850717
2019-11-04,0.0,0.992257435897443,1.0,0.02156189466324473,0.9784381053367552
2019-11-05,0.0,0.9910072641099278,1.0,0.020896890740177986,0.979103109259822
2019-11-06,0.0,0.9891773342468279,1.0,0.020051826074145573,0.9799481739258544
2019-11-07,0.0,0.9883255668658467,1.0,0.019379140785801517,0.9806208592141985
2019-11-08,0.0,0.9855964919247915,1.0,0.020214566745371414,0.9797854332546286
2019-11-11,0.0,0.9863159545852437,1.0,0.019549040200863167,0.9804509597991369
2019-11-13,0.0,0.9860406904235035,1.0,0.01907247621119731,0.9809275237888027
2019-11-14,0.0,0.9845564695655354,1.0,0.018759581270515253,0.9812404187294848
2019-11-18,0.0,0.9806132852792203,1.0,0.02160393078243789,0.9783960692175621
2019-11-19,0.0,0.98702175298288,1.0,0.019351991387263484,0.9806480086127365
2019-11-21,0.0,0.9858398227782432,1.0,0.022537537150508914,0.9774624628494911
2019-11-22,0.0,0.9960302741782936,1.0,0.01538067957426138,0.9846193204257386
2019-11-25,0.0,0.9974059589548477,1.0,0.010867975821305576,0.9891320241786944
2019-11-26,0.0,0.9978118739661275,1.0,0.019251916494878483,0.9807480835051215
2019-11-27,0.0,0.9971998334673067,1.0,0.019731824847019238,0.9802681751529808
2019-11-29,0.0,0.9931958906252475,1.0,0.01853012157830757,0.9814698784216924
2019-12-02,0.0,0.9940983344526358,1.0,0.018375177084690462,0.9816248229153095
2019-12-03,0.0,0.9961251723320154,1.0,0.017398799484936295,0.9826012005150637
2019-12-04,0.0,0.993629444587243,1.0,0.0181162000479674,0.9818837999520326
2019-12-05,0.0,0.9928612214271169,1.0,0.02103164483797227,0.9789683551620277
2019-12-06,0.0,0.9907959246636006,1.0,0.02514893694157832,0.9748510630584217
2019-12-09,0.0,0.984662457341642,1.0,0.028527201588950713,0.9714727984110493
2019-12-10,0.0,0.9852766983272871,1.0,0.02683088080725684,0.9731691191927432
2019-12-11,0.0,0.9861357433490214,1.0,0.02969562647082866,0.9703043735291713
2019-12-12,0.0,0.984268860453258,1.0,0.0295584554468368,0.9704415445531632
2019-12-13,0.0,0.982925705278352,1.0,0.027657623875435168,0.9723423761245649
2019-12-16,0.0,0.9817770384030007,1.0,0.029385943435576392,0.9706140565644236
2019-12-17,0.0,0.9839960987338364,1.0,0.020001341952565838,0.9799986580474341
2019-12-18,0.0,0.9839565348125764,1.0,0.030362929050251408,0.9696370709497486
2019-12-19,0.0,0.9929136777471889,1.0,0.021158893390185916,0.978841106609814
2019-12-20,0.0,0.9922788311201057,1.0,0.019432995707516405,0.9805670042924836
2019-12-23,0.0,0.9914124536506648,1.0,0.019159887810700927,0.9808401121892991
2019-12-27,0.0,0.9908123681751047,1.0,0.018892073876132696,0.9811079261238673
2019-12-30,0.0,0.973938128404642,1.0,0.01853783679581146,0.9814621632041886
2020-01-02,0.0,0.9734362880672763,1.0,0.016939985356089385,0.9830600146439106
2020-01-03,0.003689888901514502,0.9756976961817576,0.9963101110984856,0.014727046325803569,0.9852729536741964
2020-01-06,0.0035340266222654354,0.9827826983129542,0.9964659733777346,0.012889967621102645,0.9871100323788974
2020-01-07,0.0,0.9911617120766518,1.0,0.03031389713382648,0.9696861028661735
2020-01-08,0.0,0.9941119204885338,1.0,0.030471125232928664,0.9695288747670714
2020-01-09,0.003388697474462273,0.9937318370754653,0.9966113025255378,0.02967190959091502,0.970328090409085
2020-01-10,0.0005326044633301439,0.9973735899187443,0.9994673955366699,0.03025567283557942,0.9697443271644206
2020-01-13,0.003878826805216972,0.9975100622035288,0.996121173194783,0.02867174625206757,0.9713282537479324
2020-01-14,0.003630210943054144,0.9963388478909688,0.9963697890569458,0.028224052454624397,0.9717759475453756
2020-01-15,0.007059663638730762,0.9924479915807377,0.9929403363612692,0.01915487014957597,0.980845129850424
2020-01-16,0.006822891017410069,0.9905479430053631,0.9931771089825899,0.01906134131834082,0.9809386586816592
2020-01-17,0.008641569869776019,0.9906409125550779,0.991358430130224,0.018890051847007684,0.9811099481529924
2020-01-21,0.007819905269680053,0.9912830958756815,0.99218009473032,0.017860777736955973,0.9821392222630441
2020-01-22,0.006209485007817111,0.9916146086895079,0.9937905149921828,0.025081467959134556,0.9749185320408654
2020-01-23,0.0057420675613767055,0.9909980132203379,0.9942579324386233,0.024508907415694826,0.9754910925843052
2020-01-24,0.0038691970780086633,0.9895935013277799,0.9961308029219913,0.02494356839593428,0.9750564316040657
2020-01-29,0.00617361561037212,0.9881725604568047,0.9938263843896279,0.027257955158974674,0.9727420448410253
2020-01-30,0.015999819952925577,0.9914422963270583,0.9840001800470745,0.03542630701617384,0.9645736929838261
2020-01-31,0.01491957286157324,0.991047324041621,0.9850804271384268,0.0369658792082731,0.9630341207917269
2020-02-03,0.021706284471953545,0.989652914408993,0.9782937155280464,0.03496443266507564,0.9650355673349243
2020-02-04,0.02136470834297808,0.9891679541297285,0.9786352916570219,0.06666879713441941,0.9333312028655806
2020-02-05,0.029720978187782687,0.984888784607989,0.9702790218122173,0.08132578241102095,0.918674217588979
2020-02-06,0.025191585647649773,0.986605734723279,0.9748084143523502,0.06649989150066365,0.9335001084993364
2020-02-07,0.02319263498778386,0.9860598648120136,0.9768073650122161,0.059989433104592677,0.9400105668954073
2020-02-10,0.021581145904563993,0.9852175458594401,0.978418854095436,0.05307986742624296,0.9469201325737571
2020-02-11,0.022801990734418937,0.9843355037124162,0.9771980092655811,0.05125025580152947,0.9487497441984706
2020-02-12,0.02131317882178279,0.9782613774143123,0.9786868211782173,0.04532281360972576,0.9546771863902742
2020-02-13,0.021084620820706446,0.9777464026009909,0.9789153791792935,0.029250910523020267,0.9707490894769797
2020-02-14,0.01883568399916163,0.9759236740780911,0.9811643160008384,0.028113940018525164,0.9718860599814748
2020-02-18,0.01730401122626414,0.9751701030247045,0.9826959887737359,0.028516603183610916,0.9714833968163891
2020-02-19,0.015043243741099154,0.96761527875889,0.9849567562589009,0.02999145503441389,0.9700085449655861
2020-02-20,0.020753344444635374,0.9660686611625527,0.9792466555553646,0.038678295686076766,0.9613217043139233
2020-02-26,0.019524924789712104,0.9630688358820019,0.9804750752102879,0.0367726698166722,0.9632273301833278
2020-02-27,0.21086710259775737,0.9560927188331315,0.7891328974022427,0.02470823545048843,0.9752917645495116
2020-02-28,0.28174266587817415,0.9558454862565083,0.7182573341218259,0.022689651562589397,0.9773103484374106
2020-03-02,0.24186902672536348,0.9166936950009875,0.7581309732746365,0.04821057607035403,0.9517894239296459
2020-03-03,0.3051302891929183,0.9144779748872656,0.6948697108070817,0.04261220247013981,0.9573877975298601
2020-03-04,0.2825889612052105,0.8798947149509269,0.7174110387947895,0.05544576125589429,0.9445542387441057
2020-03-05,0.3558116677561996,0.8825512010954559,0.6441883322438005,0.04909711529371356,0.9509028847062865
2020-03-06,0.3172575132323197,0.8904449017979715,0.6827424867676803,0.044590129252708915,0.9554098707472911
2020-03-09,0.29677271640348357,0.8936438411214911,0.7032272835965164,0.06795376091041565,0.9320462390895844
2020-03-11,0.23520193863402236,0.9488247001333868,0.7647980613659776,0.030312672373886823,0.9696873276261132
2020-03-12,0.20064313984031493,0.9448646088835123,0.7993568601596851,0.02396406729388232,0.9760359327061177
2020-03-13,0.0,1.0,1.0,0.0,1.0
2020-03-16,0.0,1.0,1.0,0.0,1.0
2020-03-17,0.08107902843622389,1.0,0.9189209715637761,0.0,1.0
2020-03-18,0.08925505825770536,1.0,0.9107449417422946,0.0,1.0
2020-03-19,0.09679497348532991,1.0,0.90320502651467,0.0,1.0
2020-03-20,0.04987507078226817,1.0,0.9501249292177318,0.0,1.0
2020-03-23,0.04463924784829195,1.0,0.955360752151708,0.0,1.0
2020-03-24,0.032725964218056965,0.9990450726486647,0.967274035781943,0.008362388828146682,0.9916376111718533
2020-03-25,0.08429260831128967,0.9915045469547376,0.9157073916887103,0.0025314216207281107,0.9974685783792719
2020-03-26,0.06852659946587883,0.9917372975659894,0.9314734005341212,0.01801822446001105,0.981981775539989
2020-03-27,0.06557236019109282,0.9920719079178008,0.9344276398089072,0.00894688797352784,0.9910531120264722
2020-03-30,0.0638527959816497,0.9916159427387692,0.9361472040183503,0.0,1.0
2020-03-31,0.06393246694899671,0.9918151032454768,0.9360675330510033,0.0,1.0
2020-04-01,0.04983501815370871,0.9898249889197781,0.9501649818462913,0.0,1.0
2020-04-03,0.057958125606783664,0.9900967673864707,0.9420418743932163,0.0,1.0
2020-04-07,0.04951917036567364,0.9800477772513838,0.9504808296343263,0.0,1.0
2020-04-08,0.06044211093441333,0.9817339067452484,0.9395578890655867,0.0,1.0
2020-04-09,0.06482093099068895,0.9826949447453431,0.935179069009311,0.0,1.0
2020-04-15,0.047530501339955636,0.9773224921748618,0.9524694986600444,0.0,1.0
2020-04-16,0.01842954112842092,0.9837692323203104,0.9815704588715791,0.0,1.0
2020-04-17,0.003138330068299942,0.9881606592504061,0.9968616699317001,0.0,1.0
2020-04-20,0.006342134646066575,0.9873714201623142,0.9936578653539334,0.0,1.0
2020-04-22,0.005482557831614789,0.9890970668762296,0.9945174421683852,0.0,1.0
2020-04-23,0.0,0.9892044615000453,1.0,0.0,1.0
2020-04-24,0.0,0.9893104526493242,1.0,0.0,1.0
2020-04-27,0.0,0.9891345895423937,1.0,0.0,1.0
2020-04-28,0.0,0.9882569353719045,1.0,0.0,1.0
2020-04-29,0.0,0.9884324495344008,1.0,0.0,1.0
2020-05-04,0.0,0.9944874442756743,1.0,0.0,1.0
2020-05-05,0.0,0.9938012496202144,1.0,0.0,1.0
2020-05-06,0.0,0.9938561485592352,1.0,0.0,1.0
2020-05-07,0.0,0.9926337964037262,1.0,0.0,1.0
2020-05-08,0.0,0.9961630597167008,1.0,0.0,1.0
2020-05-11,0.0,0.9960638016986019,1.0,0.0,1.0
2020-05-12,0.0,1.0,1.0,0.0,1.0
2020-05-13,0.0,1.0,1.0,0.0,1.0
2020-05-14,0.0,1.0,1.0,0.0,1.0
2020-05-15,0.0,1.0,1.0,0.0,1.0
2020-05-19,0.0,1.0,1.0,0.0,1.0
2020-05-20,0.0,1.0,1.0,0.0,1.0
2020-05-21,0.0,1.0,1.0,0.0,1.0
2020-05-22,0.0,1.0,1.0,0.0,1.0
2020-05-26,0.0,1.0,1.0,0.0,1.0
2020-05-27,0.0,1.0,1.0,0.0,1.0
2020-05-28,0.0,1.0,1.0,0.0,1.0
2020-05-29,0.0,1.0,1.0,0.0,1.0
2020-06-01,0.0,1.0,1.0,0.0,1.0
2020-06-02,0.0,1.0,1.0,0.0,1.0
2020-06-03,0.0,1.0,1.0,0.0,1.0
2020-06-04,0.0,0.9991438189869816,1.0,0.0,1.0
2020-06-05,0.0,0.9972274049843044,1.0,0.0,1.0
2020-06-09,0.0,0.9910982885218265,1.0,0.0,1.0
2020-06-10,0.0,0.9853684932541354,1.0,0.0,1.0
2020-06-12,0.0,0.9853236042580048,1.0,0.0,1.0
2020-06-15,0.019765393515048607,0.9759485300857922,0.9802346064849514,0.0,1.0
2020-06-16,0.012126668800195799,0.9752640661641628,0.9878733311998042,0.0,1.0
2020-06-17,0.018677819176618423,0.9755215953700013,0.9813221808233816,0.0,1.0
2020-06-18,0.012127188323986595,0.974711239386377,0.9878728116760134,0.0,1.0
2020-06-19,0.005252351916676393,0.9753754414144529,0.9947476480833236,0.0,1.0
2020-06-22,0.0007197395730484843,0.972905101416847,0.9992802604269515,0.0,1.0
2020-06-23,0.0,0.976159702079741,1.0,0.0,1.0
2020-06-24,0.0,0.9762999840305141,1.0,0.0,1.0
2020-06-26,0.010181789914036577,0.9814810189968078,0.9898182100859634,0.0,1.0
2020-06-29,0.009533612549767936,0.9816682119401415,0.9904663874502321,0.0,1.0
2020-06-30,0.013969585124364496,0.9814467524019161,0.9860304148756355,0.0,1.0
2020-07-02,0.02139383316799645,0.9777132594020996,0.9786061668320035,0.0,1.0
2020-07-06,0.014427362239267818,0.976437191667161,0.9855726377607322,0.0,1.0
2020-07-07,0.0063071701548470275,0.9727448818714123,0.993692829845153,0.0,1.0
2020-07-08,0.004973056025886559,0.970521964764452,0.9950269439741134,0.0,1.0
2020-07-09,0.004269424618920134,0.9719239025812635,0.9957305753810799,0.0,1.0
2020-07-10,0.0,0.9731110551415391,1.0,0.0,1.0
2020-07-13,0.005876477010309274,0.9729360723795945,0.9941235229896908,0.0,1.0
2020-07-14,0.0068217725977268795,0.972300015017061,0.9931782274022731,0.0,1.0
2020-07-15,0.019316709344344055,0.9721325413916829,0.980683290655656,0.0,1.0
2020-07-16,0.018501485749844972,0.9721248321845518,0.981498514250155,0.0,1.0
2020-07-17,0.013032940895395093,0.9705059837641232,0.9869670591046049,0.0,1.0
2020-07-20,0.004989410533272708,0.9697981087612602,0.9950105894667273,0.008874154372999477,0.9911258456270006
2020-07-21,0.0,0.970163351924666,1.0,0.0077041924395536135,0.9922958075604464
2020-07-22,0.0,0.9709095502271621,1.0,0.005155661551726119,0.9948443384482739
2020-07-23,0.0,0.971132058052296,1.0,0.005510062288246222,0.9944899377117538
2020-07-24,0.0,0.9660661900029984,1.0,5.721311853548959e-05,0.9999427868814645
2020-07-27,0.0,0.9661719398176266,1.0,0.0,1.0
2020-07-28,0.0,1.0,1.0,0.002521773548248125,0.9974782264517519
2020-07-29,0.0,1.0,1.0,0.012729309669869604,0.9872706903301304
2020-07-30,0.0,1.0,1.0,0.012967871511038155,0.9870321284889618
2020-07-31,0.0,1.0,1.0,0.0193909836416246,0.9806090163583754
2020-08-04,0.0,1.0,1.0,0.016890942168681124,0.9831090578313189
2020-08-05,0.0,1.0,1.0,0.005175881307090545,0.9948241186929094
2020-08-06,0.0,1.0,1.0,0.00434614266093981,0.9956538573390602
2020-08-07,0.0,1.0,1.0,0.004461137331854126,0.9955388626681458
2020-08-10,0.0,1.0,1.0,0.0038453938293902474,0.9961546061706098
2020-08-11,0.0,1.0,1.0,0.002373133882065273,0.9976268661179347
2020-08-12,0.0,0.9859477082901006,1.0,0.003911709395346634,0.9960882906046533
2020-08-13,0.0,0.9869986802044398,1.0,0.004538780700089623,0.9954612192999104
2020-08-14,0.0,0.9881781362854539,1.0,0.004352517097305307,0.9956474829026947
2020-08-17,0.0,0.9879216524386979,1.0,0.006606502488126785,0.9933934975118732
2020-08-18,0.0,0.9917735291440674,1.0,0.007367150303668149,0.9926328496963318
2020-08-19,0.0,0.9910691991474304,1.0,0.014227935230149874,0.9857720647698501
2020-08-20,0.0,0.9881029465913269,1.0,0.012026417063269734,0.9879735829367302
2020-08-21,0.0,0.9846673814525845,1.0,0.013661680772297754,0.9863383192277022
2020-08-24,0.0,0.9889882328326144,1.0,0.014719843780853845,0.9852801562191461
2020-08-25,0.0,0.9885840373689478,1.0,0.012827883022080044,0.98717211697792
2020-08-26,0.0,1.0,1.0,0.008287998737808614,0.9917120012621914
2020-08-27,0.0,0.9977590754044897,1.0,0.009178783884914127,0.9908212161150859
2020-08-28,0.0,0.999296307555841,1.0,0.008464589104079531,0.9915354108959205
2020-08-31,0.0,0.9966909686266804,1.0,0.00772879175849068,0.9922712082415093
2020-09-01,0.0,0.9955999115980813,1.0,0.06191675232732251,0.9380832476726775
2020-09-02,0.0,1.0,1.0,0.0473915985676084,0.9526084014323916
2020-09-03,0.0,1.0,1.0,0.037221880051031164,0.9627781199489689
2020-09-04,0.0,1.0,1.0,0.02493672133926885,0.9750632786607312
2020-09-08,0.0,1.0,1.0,0.028338433690739576,0.9716615663092604
2020-09-09,0.0,1.0,1.0,0.020436415672133203,0.9795635843278668
2020-09-10,0.0,1.0,1.0,0.01906132850681737,0.9809386714931826
2020-09-11,0.0,1.0,1.0,0.018841219024249824,0.9811587809757502
2020-09-14,0.0,1.0,1.0,0.01759584488238377,0.9824041551176163
2020-09-15,0.0,1.0,1.0,0.01684976293351233,0.9831502370664876
2020-09-16,0.0,1.0,1.0,0.018801059760689628,0.9811989402393104
2020-09-17,0.0,1.0,1.0,0.020137197342223048,0.9798628026577769
2020-09-18,0.0,1.0,1.0,0.02434139238346019,0.9756586076165398
2020-09-21,0.0,1.0,1.0,0.02293787277551189,0.9770621272244882
2020-09-22,0.0,1.0,1.0,0.014844330919410008,0.98515566908059
2020-09-23,0.0,1.0,1.0,0.01480187362063451,0.9851981263793654
2020-09-24,0.0,1.0,1.0,0.01092108836700724,0.9890789116329928
2020-09-25,0.0,1.0,1.0,0.03153098349264819,0.9684690165073518
2020-09-28,0.0,1.0,1.0,0.03860764657372242,0.9613923534262776
2020-09-29,0.0,1.0,1.0,0.04090797818862132,0.9590920218113786
2020-09-30,0.0,1.0,1.0,0.03702998373375764,0.9629700162662423
2020-10-05,0.0,1.0,1.0,0.03365346335891556,0.9663465366410844
2020-10-06,0.0,1.0,1.0,0.038907896291951946,0.9610921037080481
2020-10-07,0.0,1.0,1.0,0.039693214533415615,0.9603067854665844
2020-10-08,0.00028450097123854367,1.0,0.9997154990287614,0.04360127746736217,0.9563987225326378
2020-10-09,0.0,1.0,1.0,0.03966446712972632,0.9603355328702736
2020-10-14,0.0,1.0,1.0,0.03504537245886922,0.9649546275411308
2020-10-15,0.0,1.0,1.0,0.03176959917431849,0.9682304008256815
2020-10-16,0.0,1.0,1.0,0.05663564479590843,0.9433643552040916
2020-10-19,0.0,1.0,1.0,0.05301008316877003,0.94698991683123
2020-10-20,0.0,1.0,1.0,0.047755916900377386,0.9522440830996226
2020-10-21,0.0,1.0,1.0,0.04297550027043157,0.9570244997295684
2020-10-22,0.0,1.0,1.0,0.034178027907158424,0.9658219720928416
2020-10-23,0.0,1.0,1.0,0.03025827785488782,0.9697417221451122
2020-10-27,0.0,1.0,1.0,0.02820758495820547,0.9717924150417945
2020-10-28,0.009160817198735809,1.0,0.9908391828012642,0.025772049622475087,0.974227950377525
2020-10-29,0.07205910981086718,1.0,0.9279408901891328,0.025997111695397302,0.9740028883046027
2020-10-30,0.07672368339247863,1.0,0.9232763166075214,0.023960816982313716,0.9760391830176863
2020-11-03,0.0766769851662951,1.0,0.9233230148337049,0.02194840038812313,0.9780515996118768
2020-11-04,0.11292057399834515,1.0,0.8870794260016548,0.030072068110024795,0.9699279318899752
2020-11-05,0.12628116380728535,1.0,0.8737188361927146,0.026519461364059155,0.9734805386359409
2020-11-06,0.05239833164123019,1.0,0.9476016683587698,0.027926271208635868,0.9720737287913641
2020-11-09,0.0397566310895462,1.0,0.9602433689104538,0.013822676310940649,0.9861773236890593
2020-11-10,0.032934558985157986,1.0,0.967065441014842,0.02090845646249734,0.9790915435375026
2020-11-11,0.022798911830704264,1.0,0.9772010881692957,0.02329978304213411,0.9767002169578659
2020-11-12,0.015222969637273443,1.0,0.9847770303627266,0.022552955909770214,0.9774470440902298
2020-11-13,0.010032641169381962,1.0,0.989967358830618,0.019394176907645125,0.9806058230923549
2020-11-17,0.018226702018135223,1.0,0.9817732979818647,0.015622242833571751,0.9843777571664283
2020-11-18,0.001776442638783076,1.0,0.9982235573612169,0.014490573320336299,0.9855094266796637
2020-11-19,0.00410915216665154,1.0,0.9958908478333485,0.013878041767354844,0.9861219582326451
2020-11-23,0.0,1.0,1.0,0.016812456383494698,0.9831875436165053
2020-11-24,0.0,0.9996773422671549,1.0,0.0,1.0
2020-11-25,0.0,0.9872799163702806,1.0,0.0,1.0
2020-11-27,0.0,0.9906877763456274,1.0,0.0,1.0
2020-12-01,0.0,1.0,1.0,0.0,1.0
2020-12-02,0.0,1.0,1.0,0.0,1.0
2020-12-03,0.0,1.0,1.0,0.0,1.0
2020-12-04,0.0,1.0,1.0,0.0,1.0
2020-12-07,0.0,1.0,1.0,0.0,1.0
2020-12-08,0.0,1.0,1.0,0.0,1.0
2020-12-09,0.0,1.0,1.0,0.0,1.0
2020-12-10,0.0,1.0,1.0,0.0,1.0
2020-12-11,0.0,1.0,1.0,0.0,1.0
2020-12-14,0.0,1.0,1.0,0.0,1.0
2020-12-15,0.0,1.0,1.0,0.0,1.0
2020-12-16,0.0,1.0,1.0,0.0,1.0
2020-12-17,0.0,1.0,1.0,0.0,1.0
2020-12-18,0.0,1.0,1.0,0.0,1.0
2020-12-21,0.0,1.0,1.0,0.0,1.0
2020-12-22,0.0,1.0,1.0,0.0,1.0
2020-12-23,0.0,1.0,1.0,0.0,1.0
2020-12-29,0.0,1.0,1.0,0.0,1.0
2020-12-30,0.0,1.0,1.0,0.0,1.0
2021-01-04,0.0,1.0,1.0,0.0,1.0
2021-01-05,0.0027260455007846987,1.0,0.9972739544992153,0.0,1.0
2021-01-06,0.0008047321027445747,1.0,0.9991952678972554,0.0,1.0
2021-01-07,0.0,1.0,1.0,0.0,1.0
2021-01-08,0.0,1.0,1.0,0.0,1.0
2021-01-11,0.0,0.9793968928455686,1.0,0.0,1.0
2021-01-12,0.0,0.9852981264723535,1.0,0.0,1.0
2021-01-13,0.0,0.986494186204767,1.0,0.0,1.0
2021-01-14,0.0,0.9887054129084656,1.0,0.0,1.0
2021-01-15,0.0,0.9887270110242086,1.0,0.0,1.0
2021-01-19,0.0,0.9916107616664744,1.0,0.0,1.0
2021-01-20,0.0,0.9908104041998061,1.0,0.0,1.0
2021-01-21,0.0,0.9882482812961235,1.0,0.0,1.0
2021-01-22,0.0,0.9960442828708832,1.0,0.0,1.0
2021-01-27,0.0,0.9953160685877597,1.0,0.0,1.0
2021-01-28,0.0,0.9977432095833525,1.0,0.0,1.0
2021-01-29,0.0,0.9977117641655128,1.0,0.0,1.0
2021-02-01,0.0,0.9976136003348016,1.0,0.0,1.0
2021-02-02,0.0,0.9966711893682871,1.0,0.010685886038621082,0.9893141139613789
2021-02-03,0.0,0.9927254960694083,1.0,0.008406983431586516,0.9915930165684135
2021-02-04,0.0,0.9923660129404852,1.0,0.004232257946152806,0.9957677420538472
2021-02-05,0.0,0.9888686106919616,1.0,0.002640895924153852,0.9973591040758462
2021-02-08,0.0,0.9888723921594241,1.0,0.00010608397442941473,0.9998939160255705
2021-02-09,0.0,0.9999097948849719,1.0,0.0,1.0
2021-02-10,0.0,0.9996753284462051,1.0,0.0,1.0
2021-02-11,0.0,0.9995043359147012,1.0,0.0,1.0
2021-02-17,0.0,0.9972477142876895,1.0,0.0,1.0
2021-02-18,0.0,0.9849098564099582,1.0,0.0,1.0
2021-02-19,0.0,0.9848758145085532,1.0,0.0,1.0
2021-02-22,0.0,0.9855648348567287,1.0,0.0,1.0
2021-02-23,0.0,0.9817799364788137,1.0,0.0,1.0
2021-02-24,0.0,0.9863774296637666,1.0,0.0,1.0
2021-02-25,0.0,0.9856626333413936,1.0,0.0,1.0
2021-02-26,0.0,0.9876170640794888,1.0,0.0,1.0
2021-03-01,0.0,0.9857435558416899,1.0,0.00037568554797505217,0.9996243144520249
2021-03-02,0.0,0.9874561983284538,1.0,0.0,1.0
2021-03-03,0.0,0.9873159031413972,1.0,0.0,1.0
2021-03-04,0.0,0.9845110349201006,1.0,0.0,1.0
2021-03-05,0.0,0.9863142524447515,1.0,0.0,1.0
2021-03-08,0.0,0.9860095715241135,1.0,0.0,1.0
2021-03-09,0.0,0.9819300853407362,1.0,0.0,1.0
2021-03-10,0.0,0.9813679980400695,1.0,0.0,1.0
2021-03-12,0.0,0.9806705113758352,1.0,0.0,1.0
2021-03-15,0.0,0.9801041642762528,1.0,0.0,1.0
2021-03-16,0.0,0.9791197838567623,1.0,0.0,1.0
2021-03-17,0.0,0.9786769394893138,1.0,0.0,1.0
2021-03-18,0.0,0.9782922174526233,1.0,0.0,1.0
2021-03-19,0.0,0.9785121077352403,1.0,0.0,1.0
2021-03-22,0.0,0.9770922060119038,1.0,0.0,1.0
2021-03-23,0.0,0.9843963038656344,1.0,0.0,1.0
2021-03-24,0.0,0.982970266923245,1.0,0.0,1.0
2021-03-25,0.0,0.9805860442349467,1.0,0.0,1.0
2021-03-26,0.0,0.9811974771145688,1.0,0.0,1.0
2021-03-30,0.0,0.9845079290694801,1.0,0.0,1.0
2021-03-31,0.0,0.9623328112303827,1.0,0.0,1.0
2021-04-01,0.0,0.9512092307741205,1.0,0.0,1.0
2021-04-07,0.0,0.9511018921326378,1.0,0.0,1.0
2021-04-08,0.0,0.9496357591585824,1.0,0.0,1.0
2021-04-09,0.0,0.9522411543969767,1.0,0.0,1.0
2021-04-12,0.0,0.9520175880096413,1.0,0.0,1.0
2021-04-13,0.0,0.9517861103031624,1.0,0.008863999286254821,0.9911360007137452
2021-04-15,0.0,0.9596286977740855,1.0,0.0012243156366871098,0.9987756843633129
2021-04-16,0.0,0.9569324051746027,1.0,0.0,1.0
2021-04-19,0.0,0.9582900850335285,1.0,0.0,1.0
2021-04-20,0.0,0.977348196318254,1.0,0.0,1.0
2021-04-22,0.0,0.9768307201253492,1.0,0.0,1.0
2021-04-23,0.0,0.976198485940523,1.0,0.0,1.0
2021-04-26,0.0,0.9764899200690504,1.0,0.0,1.0
2021-04-27,0.0,0.9769165924958633,1.0,0.0,1.0
2021-04-28,0.0,0.9763369512721604,1.0,0.0,1.0
2021-04-29,0.0,0.9758909581411194,1.0,0.0,1.0
2021-04-30,0.0,0.9772752611735873,1.0,0.0,1.0
2021-05-03,0.0,0.9781429625584089,1.0,0.0,1.0
2021-05-04,0.0,0.9736801359256362,1.0,0.0,1.0
2021-05-05,0.0,0.983343608891322,1.0,0.0,1.0
2021-05-06,0.0,0.9868414850353194,1.0,0.0,1.0
2021-05-07,0.0,0.979956052308021,1.0,0.0,1.0
2021-05-10,0.0,0.9794567830342439,1.0,0.0,1.0
2021-05-11,0.0,0.9804429738757222,1.0,0.0,1.0
2021-05-12,0.0,0.9801108656657094,1.0,0.0,1.0
2021-05-14,0.0,0.9985431262345197,1.0,0.0,1.0
2021-05-17,0.0,0.9979115609341264,1.0,0.0,1.0
2021-05-18,0.0,0.9914064781238847,1.0,0.0,1.0
2021-05-20,0.0,0.9911623965475015,1.0,0.0,1.0
2021-05-21,0.0,0.9897896749384284,1.0,0.0,1.0
2021-05-25,0.0,0.9934317993334586,1.0,0.0,1.0
2021-05-26,0.0,0.9932797767510905,1.0,0.0,1.0
2021-05-27,0.0,0.9929535092675067,1.0,0.0,1.0
2021-05-28,0.0,0.9931397437336459,1.0,0.0,1.0
2021-06-01,0.0,0.9928669786669624,1.0,0.0,1.0
2021-06-02,0.0,0.9920527526384071,1.0,0.0,1.0
2021-06-04,0.0,0.992067006671875,1.0,0.0,1.0
2021-06-07,0.0,0.9918889211824434,1.0,0.0,1.0
2021-06-08,0.0,0.9933716172191838,1.0,0.0,1.0
2021-06-09,0.0,0.9928534268203086,1.0,0.0,1.0
2021-06-10,0.0,0.9958194211832265,1.0,0.0,1.0
2021-06-11,0.0,0.9954305843194842,1.0,0.0,1.0
2021-06-15,0.0,0.9934366405043544,1.0,0.0,1.0
2021-06-16,0.0,0.9886926223621855,1.0,0.0,1.0
2021-06-17,0.0,0.9876206951723201,1.0,0.0,1.0
2021-06-18,0.0,0.9689795696695339,1.0,0.0,1.0
2021-06-21,0.0,0.9709642682496044,1.0,0.0,1.0
2021-06-22,0.0,0.976211536820646,1.0,0.0,1.0
2021-06-23,0.0,0.9757754457794525,1.0,0.0,1.0
2021-06-24,0.0,0.9765421724986733,1.0,0.0,1.0
2021-06-25,0.0,0.9756505287553374,1.0,0.0,1.0
2021-06-28,0.0,0.9799402895041481,1.0,0.0,1.0
2021-06-29,0.0,0.982400295324338,1.0,0.0,1.0
2021-06-30,0.0,0.9803292960263577,1.0,0.0,1.0
2021-07-02,0.0,0.979612627231317,1.0,0.0,1.0
2021-07-06,0.0,0.9772244275341141,1.0,0.0,1.0
2021-07-07,0.0,0.9767132597852446,1.0,0.0,1.0
2021-07-08,0.0,0.9745347745460546,1.0,0.0,1.0
2021-07-12,0.0,0.9748489444058274,1.0,0.0,1.0
2021-07-13,0.0,0.9742186041522177,1.0,0.0,1.0
2021-07-14,0.0,0.9734868200177785,1.0,0.0,1.0
2021-07-15,0.0,0.9715297339949432,1.0,0.0,1.0
2021-07-16,0.0,0.9724729608629689,1.0,0.0,1.0
2021-07-19,0.0,0.971855686015923,1.0,0.0,1.0
2021-07-20,0.0,0.9719817189741033,1.0,0.0,1.0
2021-07-22,0.010783011187196446,0.9702102623367963,0.9892169888128035,0.0,1.0
2021-07-23,0.0037558606466026466,0.9651592212124435,0.9962441393533974,0.0,1.0
2021-07-26,0.0013229648969533773,0.9648567902962486,0.9986770351030466,0.0,1.0
2021-07-27,0.0,0.9712162887425078,1.0,0.0,1.0
2021-07-28,0.0,0.9711744446440544,1.0,0.0,1.0
2021-07-29,0.0,0.9705881527694484,1.0,0.0,1.0
2021-07-30,0.0,0.9651648860438076,1.0,0.0,1.0
2021-08-03,1.348544256821775e-05,0.959399053765052,0.9999865145574318,0.0,1.0
2021-08-04,0.002760721110489981,0.9688170607460821,0.99723927888951,0.007280519289870433,0.9927194807101296
2021-08-05,0.004679747270800626,0.9684837245534329,0.9953202527291993,0.0026794669918173606,0.9973205330081827
2021-08-06,0.0036488239510070394,0.967300717850098,0.9963511760489929,0.0015485657208914201,0.9984514342791085
2021-08-09,0.002720958589920445,0.9490183301209618,0.9972790414100795,0.002096721744222062,0.997903278255778
2021-08-10,0.0,0.9446785435821592,1.0,0.0,1.0
2021-08-11,0.0,0.9446635779015968,1.0,0.0,1.0
2021-08-12,0.0,0.9419317505517742,1.0,0.0,1.0
2021-08-13,0.0,0.9438874080203341,1.0,0.0,1.0
2021-08-16,0.0,0.9522251267564115,1.0,0.0,1.0
2021-08-17,0.0,0.952266753461318,1.0,0.0,1.0
2021-08-18,0.0,0.9537547734615398,1.0,0.0,1.0
2021-08-20,0.0,0.9533521124059781,1.0,0.0,1.0
2021-08-23,0.0,0.9616670515844276,1.0,0.0,1.0
2021-08-24,0.0,0.9593953121745638,1.0,0.0,1.0
2021-08-25,0.0,0.9613377859647295,1.0,0.0,1.0
2021-08-26,0.0,0.9582120611175282,1.0,0.0,1.0
2021-08-27,0.0,0.9596741100155586,1.0,0.0,1.0
2021-08-30,0.0,0.9614224575508253,1.0,0.0,1.0
2021-08-31,0.0,0.9663501135182135,1.0,0.0,1.0
2021-09-01,0.0,0.9657888081367962,1.0,0.0,1.0
2021-09-02,0.0,0.9635734716823767,1.0,0.0029554666696007086,0.9970445333303993
2021-09-03,0.0,0.9627166149664417,1.0,0.005230466320528041,0.994769533679472
2021-09-08,0.0,0.9602993305091758,1.0,0.004097202079090417,0.9959027979209096
2021-09-09,0.0,0.9752784637298917,1.0,0.006282174498449608,0.9937178255015504
2021-09-13,0.0,0.9741805220356002,1.0,0.007283030062282432,0.9927169699377175
2021-09-14,0.0,0.9768857838054141,1.0,0.005547905082517917,0.9944520949174821
2021-09-15,0.0,0.9798061657299006,1.0,0.004964678928625031,0.9950353210713749
2021-09-16,0.0,0.9780004850425149,1.0,0.0034059383277076707,0.9965940616722924
2021-09-17,0.0,0.9701614115966517,1.0,0.0036323477902048887,0.9963676522097951
2021-09-20,0.0,0.9704432310134855,1.0,0.002459989683282757,0.9975400103167172
2021-09-21,0.0,0.9733650880896879,1.0,0.0,1.0
2021-09-23,0.0,0.9724084357951468,1.0,0.0,1.0
2021-09-24,0.0,0.9683528030492087,1.0,0.0,1.0
2021-09-27,0.0,0.9699557240178609,1.0,0.0,1.0
2021-09-28,0.0,0.9698701662348905,1.0,0.0,1.0
2021-09-29,0.0,0.9709475259343228,1.0,0.0,1.0
2021-09-30,0.0,0.9699478569395867,1.0,0.0,1.0
2021-10-04,0.0,0.9723887297425858,1.0,0.0,1.0
2021-10-05,0.0,0.9821006794311742,1.0,0.0,1.0
2021-10-06,0.0,0.9832309827243682,1.0,0.0,1.0
2021-10-07,0.0,0.984832436154976,1.0,0.0,1.0
2021-10-08,0.0,0.9846769779954869,1.0,0.0,1.0
2021-10-18,0.0,0.98414332397218,1.0,0.0,1.0
2021-10-19,0.0,0.994636733322042,1.0,0.0,1.0
2021-10-20,0.0,0.9950180837103746,1.0,0.0,1.0
2021-10-21,0.0,0.9949116528823995,1.0,0.00044483997671993707,0.99955516002328
2021-10-22,0.0,0.9974239636015066,1.0,0.0,1.0
2021-10-25,0.0,0.995208609114436,1.0,0.0,1.0
2021-10-26,0.0,0.9959005574646519,1.0,0.0,1.0
2021-10-27,0.0,0.9974016758080299,1.0,0.0,1.0
2021-10-28,0.0,0.9973711269485044,1.0,0.0,1.0
2021-10-29,0.0,0.997760614458607,1.0,0.007710425448802498,0.9922895745511975
2021-11-01,0.0,0.9929128453653078,1.0,0.012645347856442134,0.9873546521435579
2021-11-03,0.0,0.9903921212751228,1.0,0.01858530261983127,0.9814146973801687
2021-11-04,0.0,0.9796480304979148,1.0,0.019873082465624133,0.9801269175343759
2021-11-08,0.0,0.9747629527558032,1.0,0.01729678850496442,0.9827032114950356
2021-11-09,0.0,0.9863065670625636,1.0,0.013428792513277374,0.9865712074867227
2021-11-10,0.0,0.9863090049152411,1.0,0.011576297278501405,0.9884237027214986
2021-11-11,0.0,0.9815851302913595,1.0,0.010239973911270978,0.989760026088729
2021-11-12,0.0,0.9791676246787715,1.0,0.01078463236510069,0.9892153676348993
2021-11-16,0.0,0.978929142854775,1.0,0.015060648200433542,0.9849393517995665
2021-11-17,0.0,0.9852881450080706,1.0,0.006060131709970224,0.9939398682900298
2021-11-18,0.0,0.9836289203994676,1.0,0.006746135909805003,0.993253864090195
2021-11-22,0.0,0.9896531432175645,1.0,0.0014036648468256294,0.9985963351531744
2021-11-23,0.0,0.9794235892964752,1.0,0.012911130505026925,0.9870888694949731
2021-11-24,0.0,0.9758540189138853,1.0,0.008656230478088394,0.9913437695219116
2021-11-26,0.0,0.9766036400263544,1.0,0.0066810551162928234,0.9933189448837072
2021-11-29,0.0,0.979167271849306,1.0,0.0076837910107972135,0.9923162089892028
2021-11-30,0.0,0.9864883231253895,1.0,0.0,1.0
2021-12-01,0.0,0.98663083515655,1.0,0.0,1.0
2021-12-02,0.0,0.9859169062829595,1.0,0.0005608235734950762,0.9994391764265049
2021-12-03,0.0,0.985128803365921,1.0,0.004546264335844339,0.9954537356641556
2021-12-06,0.0,0.9800010930019598,1.0,0.0,1.0
2021-12-07,0.0,0.9825904691946244,1.0,0.004505677818798732,0.9954943221812013
2021-12-08,0.0,0.981771611194255,1.0,0.011366697359836595,0.9886333026401634
2021-12-09,0.0,0.9812844653154895,1.0,0.013320643700556084,0.9866793562994439
2021-12-10,0.0,0.9870123762627244,1.0,0.008028246004553607,0.9919717539954463
2021-12-13,0.0,0.9849739731022076,1.0,0.005605168368561355,0.9943948316314386
2021-12-14,0.0,0.9839834690576839,1.0,0.0032667580204042536,0.9967332419795958
2021-12-15,0.0,0.9825598754755761,1.0,0.0018793082015612348,0.9981206917984388
2021-12-16,0.0,0.9829510487278856,1.0,0.0018955482349583897,0.9981044517650416
2021-12-17,0.0,0.9680706085201302,1.0,0.0016068581684141542,0.9983931418315859
2021-12-20,0.0,0.9684017490042429,1.0,0.004255265462829319,0.9957447345371707
2021-12-21,0.0,0.9657895086281189,1.0,0.022623398903967883,0.9773766010960321
2021-12-22,0.0,0.9635316256683804,1.0,0.019372985261924,0.980627014738076
2021-12-23,0.0,0.9616340255253397,1.0,0.020070007379240185,0.9799299926207599
2021-12-29,0.0,0.9641782815942967,1.0,0.01642561591417233,0.9835743840858276
2021-12-30,0.0,0.9877641466044838,1.0,0.0036523959205979318,0.996347604079402
2022-01-04,0.0,0.987309856279146,1.0,0.003238197598674512,0.9967618024013255
2022-01-05,0.0,0.9881590092353063,1.0,0.02427022213715116,0.9757297778628489
2022-01-06,0.0,0.9852526338272733,1.0,0.02150424859514318,0.9784957514048568
2022-01-07,0.0,0.9795222307835354,1.0,0.01802633253040881,0.9819736674695911
2022-01-10,0.0,0.9791489876176014,1.0,0.013653918479881219,0.9863460815201188
2022-01-11,0.0,0.9785853026442524,1.0,0.013943408647457129,0.9860565913525429
2022-01-12,0.0,0.9783043061610814,1.0,0.01149959339923778,0.9885004066007622
2022-01-13,0.0,0.978466730741854,1.0,0.009226376883580759,0.9907736231164193
2022-01-14,0.0,0.9807646584308938,1.0,0.007700248173880221,0.9922997518261197
2022-01-18,0.0,0.9801228839734248,1.0,0.006520115169485067,0.993479884830515
2022-01-19,0.0,0.9795885366659444,1.0,0.004088575897091262,0.9959114241029088
2022-01-20,0.0,0.9643113237387643,1.0,0.0032419194654620853,0.996758080534538
2022-01-21,0.0,0.9671599894087489,1.0,0.0028330775394528446,0.9971669224605472
2022-01-24,0.0,0.9888262351745534,1.0,0.0,1.0
2022-01-25,0.0,0.9879958281502248,1.0,0.0,1.0
2022-01-27,0.0,0.9867909288125216,1.0,0.0,1.0
2022-01-28,0.0,0.9682284276041109,1.0,0.0,1.0
2022-01-31,0.0,0.9684782278147719,1.0,0.0,1.0
2022-02-04,0.0,0.9687843752535221,1.0,0.0,1.0
2022-02-07,0.0,0.9754273271011872,1.0,0.0,1.0
2022-02-08,0.0,0.9805617185689911,1.0,0.0,1.0
2022-02-09,0.0,0.9800412696476067,1.0,0.0,1.0
2022-02-10,0.0,0.9792128363515246,1.0,0.0,1.0
2022-02-11,0.0,0.9788527957480327,1.0,0.0,1.0
2022-02-14,0.0,0.9731675065715437,1.0,0.0,1.0
2022-02-15,0.0,0.9693734068017107,1.0,0.018946635714903303,0.9810533642850967
2022-02-16,0.0,0.9707064583407979,1.0,0.020847931409917978,0.979152068590082
2022-02-17,0.0,0.9709452515662407,1.0,0.015462249828475374,0.9845377501715247
2022-02-18,0.0,0.9640842301847343,1.0,0.0047867646122561865,0.9952132353877439
2022-02-22,0.0,0.9640849939089132,1.0,0.0008064007861400774,0.99919359921386
2022-02-23,0.0,0.9693105832481134,1.0,0.0,1.0
2022-02-24,0.0,0.9689063444324022,1.0,0.0,1.0
2022-02-25,0.0,0.9695146700357009,1.0,0.049266582038000016,0.950733417962
2022-03-02,0.0,0.9645372143796038,1.0,0.05066448569818267,0.9493355143018173
2022-03-03,0.0,0.9925115340828561,1.0,0.034063037728511575,0.9659369622714884
2022-03-04,0.0,0.9915620085720813,1.0,0.02365034098336497,0.9763496590166351
2022-03-07,0.0,0.9800997967479288,1.0,0.010060901550369372,0.9899390984496306
2022-03-08,0.0,0.9712865207821687,1.0,0.006320045812006813,0.9936799541879932
2022-03-09,0.0,0.9625376429268668,1.0,0.004109791707477515,0.9958902082925225
2022-03-10,0.0,0.9447957822050391,1.0,0.0,1.0
2022-03-11,0.0,0.9541219745687788,1.0,0.0,1.0
2022-03-14,0.0,0.9548193919467192,1.0,0.0,1.0
2022-03-15,0.0,0.9543433351620193,1.0,0.0,1.0
2022-03-16,0.0,0.9506906190120453,1.0,0.00036856848588907637,0.9996314315141109
2022-03-17,0.0,0.946967061826652,1.0,0.0,1.0
2022-03-21,0.0,0.943545627294181,1.0,0.0,1.0
2022-03-22,0.0,0.942820299414823,1.0,0.0,1.0
2022-03-23,0.0,0.945110172541141,1.0,0.0,1.0
2022-03-24,0.0,0.9452629649671055,1.0,0.0,1.0
2022-03-25,0.0,0.944487688097359,1.0,0.0,1.0
2022-03-28,0.0,0.9436027659695566,1.0,0.0,1.0
2022-03-29,0.0,0.9452963223226086,1.0,0.0,1.0
2022-03-30,0.0,0.9388106827965427,1.0,0.0,1.0
2022-03-31,0.0,0.9385008665483665,1.0,0.0,1.0
2022-04-01,0.0,0.9370108819734154,1.0,0.0,1.0
2022-04-04,0.0,0.9308591318019703,1.0,0.0,1.0
2022-04-06,0.0,0.9309677092673694,1.0,0.0,1.0
2022-04-07,0.0,0.9561614037382506,1.0,0.0,1.0
2022-04-08,0.0,0.9537218029822285,1.0,0.0,1.0
2022-04-11,0.0,0.9548551824230437,1.0,0.0,1.0
2022-04-12,0.0,0.9626531456907426,1.0,0.0,1.0
2022-04-13,0.0,0.9607634195452687,1.0,0.0,1.0
2022-04-19,0.0,0.9622357585068513,1.0,0.0,1.0
2022-04-20,0.0,0.9586011193949595,1.0,0.0,1.0
2022-04-22,0.0,0.9585221533258429,1.0,0.0,1.0
2022-04-26,0.0,0.9647456470210267,1.0,0.0,1.0
2022-04-27,0.0,0.9696508861348495,1.0,0.0,1.0
2022-04-28,0.0,0.968667269883189,1.0,0.0,1.0
2022-04-29,0.0,0.9680204190251993,1.0,0.0,1.0
2022-05-04,0.0,0.9623322880998118,1.0,0.0,1.0
2022-05-05,0.020429258769334963,0.9429378683410868,0.979570741230665,0.013767059248431461,0.9862329407515685
2022-05-06,0.0,0.9624938708263963,1.0,0.0023017223665201952,0.9976982776334798
2022-05-10,0.0,0.9596279463537429,1.0,0.0009189394998522405,0.9990810605001478
2022-05-11,0.0,0.9881453471664647,1.0,0.0,1.0
2022-05-12,0.0,0.9880354509989329,1.0,0.0,1.0
2022-05-13,0.0,0.9852479750593846,1.0,0.0,1.0
2022-05-16,0.0,0.9836458856403154,1.0,0.0,1.0
2022-05-17,0.0,0.9836449919562517,1.0,0.0,1.0
2022-05-18,0.0,0.9837394250678304,1.0,0.0,1.0
2022-05-19,0.0,0.9884963287182984,1.0,0.0,1.0
2022-05-20,0.0,0.9923281956501174,1.0,0.0,1.0
2022-05-24,0.0,0.9941939601581762,1.0,0.007944258865386673,0.9920557411346134
2022-05-25,0.0,0.9928656077838479,1.0,0.00639510072301186,0.9936048992769881
2022-05-26,0.0,0.9912974715817178,1.0,0.0038172108893068466,0.9961827891106931
2022-05-27,0.0,0.9909641246527874,1.0,0.00405073728572924,0.9959492627142708
2022-05-31,0.0,0.9901235397567805,1.0,0.0071136068376796684,0.9928863931623203
2022-06-01,0.0,0.9897731900176042,1.0,0.0,1.0
2022-06-02,0.0,0.9910808869775739,1.0,0.0,1.0
2022-06-06,0.0,0.9904552927679285,1.0,0.0,1.0
2022-06-07,0.0,0.9851444365279076,1.0,0.0,1.0
2022-06-08,0.0,0.9839363124687163,1.0,0.0,1.0
2022-06-09,0.0,0.9843954469927373,1.0,0.0,1.0
2022-06-10,0.0,0.9838882612264098,1.0,0.0,1.0
2022-06-14,0.0,0.9776540979352357,1.0,0.0,1.0
2022-06-15,0.0,1.0,1.0,0.0,1.0
2022-06-17,0.0,1.0,1.0,0.0,1.0
2022-06-21,0.0,1.0,1.0,0.0,1.0
2022-06-22,0.0,1.0,1.0,0.0,1.0
2022-06-23,0.0,1.0,1.0,0.0,1.0
2022-06-24,0.0,1.0,1.0,0.0,1.0
2022-06-27,0.0,1.0,1.0,0.0,1.0
2022-06-28,0.0,1.0,1.0,0.0,1.0
2022-06-29,0.0,1.0,1.0,0.0,1.0
2022-06-30,0.0,1.0,1.0,0.0,1.0
2022-07-05,0.0,1.0,1.0,0.0,1.0
2022-07-06,0.0,1.0,1.0,0.0,1.0
2022-07-07,0.0,1.0,1.0,0.0,1.0
2022-07-08,0.0,1.0,1.0,0.0,1.0
2022-07-11,0.0,1.0,1.0,0.0,1.0
2022-07-12,0.0,1.0,1.0,0.0,1.0
2022-07-13,0.0,1.0,1.0,0.0,1.0
2022-07-14,0.0,1.0,1.0,0.0,1.0
2022-07-15,0.0,1.0,1.0,0.0,1.0
2022-07-18,0.0,1.0,1.0,0.0,1.0
2022-07-19,0.0,1.0,1.0,0.0,1.0
2022-07-20,0.0,1.0,1.0,0.0,1.0
2022-07-21,0.0,1.0,1.0,0.0,1.0
2022-07-22,0.0,1.0,1.0,0.0,1.0
2022-07-25,0.0,1.0,1.0,0.0,1.0
2022-07-26,0.0,1.0,1.0,0.0,1.0
2022-07-27,0.0,1.0,1.0,0.0,1.0
2022-07-28,0.0,1.0,1.0,0.0,1.0
2022-07-29,0.0,1.0,1.0,0.0,1.0
2022-08-02,0.0,1.0,1.0,0.0,1.0
2022-08-03,0.0,1.0,1.0,0.0,1.0
2022-08-04,0.0,1.0,1.0,0.0,1.0
2022-08-05,0.0,1.0,1.0,0.0,1.0
2022-08-08,0.0,0.997670390611981,1.0,0.0,1.0
2022-08-10,0.0,0.9980761661988771,1.0,0.0,1.0
2022-08-11,0.0,0.9972083411546961,1.0,0.0,1.0
2022-08-12,0.0,0.9958293549036614,1.0,0.0,1.0
2022-08-16,0.0,0.9963691419925241,1.0,0.0,1.0
2022-08-17,0.0,0.9965047699560682,1.0,0.0,1.0
2022-08-18,0.0,0.9988898210158916,1.0,0.0,1.0
2022-08-19,0.0,0.9985324710353244,1.0,0.0,1.0
2022-08-22,0.0,1.0,1.0,0.0,1.0
2022-08-23,0.0,1.0,1.0,0.0,1.0
2022-08-24,0.0,1.0,1.0,0.0,1.0
2022-08-25,0.0,1.0,1.0,0.0,1.0
2022-08-26,0.0,1.0,1.0,0.0,1.0
2022-08-29,0.0,1.0,1.0,0.0,1.0
2022-08-30,0.0,1.0,1.0,0.0,1.0
2022-09-01,0.0,1.0,1.0,0.0,1.0
2022-09-02,0.0,0.9978219078056244,1.0,0.0,1.0
2022-09-06,0.0,0.994649001034913,1.0,0.0,1.0
2022-09-08,0.0,1.0,1.0,0.0,1.0
2022-09-09,0.0,1.0,1.0,0.0,1.0
2022-09-13,0.0,1.0,1.0,0.0,1.0
2022-09-14,0.0,1.0,1.0,0.0,1.0
2022-09-15,0.0,1.0,1.0,0.0,1.0
2022-09-16,0.0,1.0,1.0,0.0,1.0
2022-09-19,0.0,1.0,1.0,0.0,1.0
2022-09-20,0.0,1.0,1.0,0.0,1.0
2022-09-21,0.0,1.0,1.0,0.0,1.0
2022-09-23,0.0,1.0,1.0,0.0,1.0
2022-09-26,0.0,1.0,1.0,0.0,1.0
2022-09-27,0.0,1.0,1.0,0.0,1.0
2022-09-28,0.0,1.0,1.0,0.0,1.0
2022-09-29,0.0,1.0,1.0,0.0,1.0
2022-09-30,0.0,1.0,1.0,0.0,1.0
2022-10-03,0.0,1.0,1.0,0.006227768515430597,0.9937722314845694
2022-10-06,0.002194713488579569,0.9984731262874641,0.9978052865114204,0.008457979627001334,0.9915420203729987
2022-10-07,0.006332966424233587,0.997954441245555,0.9936670335757665,0.024355473216621955,0.9756445267833781
2022-10-11,0.014685180748950118,0.9975769814674734,0.9853148192510499,0.022062321526940057,0.9779376784730599
2022-10-13,0.003419247833645533,1.0,0.9965807521663544,0.02174306263028979,0.9782569373697102
2022-10-14,0.010415535036672072,0.9964531926983018,0.989584464963328,0.017573919531949776,0.9824260804680502
2022-10-17,0.03309938543110861,0.9918038149568537,0.9669006145688914,0.016575197435316952,0.983424802564683
2022-10-18,0.06365576475842354,0.9929346160451313,0.9363442352415765,0.013366844143645955,0.986633155856354
2022-10-19,0.0457599739712813,0.9941439845566457,0.9542400260287187,0.012876233458126066,0.987123766541874
2022-10-20,0.02669590196444737,0.9925261398597527,0.9733040980355526,0.010207612720974906,0.9897923872790251
2022-10-21,0.009961762020008166,0.9897122971475777,0.9900382379799918,0.012037891701701392,0.9879621082982986
2022-10-24,0.03124047547603618,0.9871311156782971,0.9687595245239639,0.00985158231503682,0.9901484176849632
2022-10-25,0.01865551031168315,0.9861171642839498,0.9813444896883169,0.006499130659176681,0.9935008693408233
2022-10-27,0.006470413309443798,0.9939240876115674,0.9935295866905562,0.0035480437895622774,0.9964519562104377
2022-10-28,0.035475000505106075,0.9933415226457931,0.9645249994948939,0.004289549232300193,0.9957104507676998
2022-10-31,0.07643571325742707,0.9880943016566099,0.923564286742573,0.0026106801103580888,0.9973893198896419
2022-11-01,0.057952341849468965,0.988559360606805,0.942047658150531,0.004376754889066346,0.9956232451109337
2022-11-03,0.035040279899352364,0.9848460571615533,0.9649597201006477,0.008338814434824936,0.991661185565175
2022-11-04,0.12100216377024252,0.9856487962698195,0.8789978362297575,0.005129863787036738,0.9948701362129633
2022-11-07,0.06906171918796629,0.9952016544945644,0.9309382808120337,0.0016350600208868602,0.9983649399791131
2022-11-09,0.03311470867484836,1.0,0.9668852913251517,0.0,1.0
2022-11-10,0.0,0.9911759553123388,1.0,0.0,1.0
2022-11-11,0.0,0.9941183340305477,1.0,0.0,1.0
2022-11-14,0.0,0.9943676601745445,1.0,0.0,1.0
2022-11-16,0.0,0.9939219043300673,1.0,0.0,1.0
2022-11-17,0.0,0.9935356642682484,1.0,0.0,1.0
2022-11-18,0.0,0.9931851255088475,1.0,0.0,1.0
2022-11-21,0.0,0.9926602175592326,1.0,0.0,1.0
2022-11-22,0.0,0.9940493201565515,1.0,0.0,1.0
2022-11-23,0.0,0.9939911651849302,1.0,0.0,1.0
2022-11-25,0.0,0.9938971583420276,1.0,0.0,1.0
2022-11-28,0.0,0.9932375019057132,1.0,0.0,1.0
2022-11-29,0.0,0.9929384801894061,1.0,0.0,1.0
2022-11-30,0.0,0.9925138523556015,1.0,0.0,1.0
2022-12-01,0.0,0.9921022413100757,1.0,0.0,1.0
2022-12-02,0.0,0.9801271471707796,1.0,0.0,1.0
2022-12-05,0.0,0.979293478180545,1.0,0.0,1.0
2022-12-06,0.0,0.9767316902392423,1.0,0.0,1.0
2022-12-07,0.0,0.9762064509850962,1.0,0.0,1.0
2022-12-08,0.0,0.9715299741440576,1.0,0.0,1.0
2022-12-09,0.0,0.9715930292796464,1.0,0.0,1.0
2022-12-12,0.0,0.9705162592883809,1.0,0.0,1.0
2022-12-13,0.0,0.9683222064524639,1.0,0.0,1.0
2022-12-14,0.0,0.9668211905180425,1.0,0.0,1.0
2022-12-15,0.0,0.9658298479237962,1.0,0.0,1.0
2022-12-16,0.0,0.9652257415907655,1.0,0.0,1.0
2022-12-19,0.0,0.9619460159065094,1.0,0.0,1.0
2022-12-20,0.0,0.9626771087298891,1.0,0.0,1.0
2022-12-21,0.0,0.9628558722016652,1.0,0.0,1.0
2022-12-22,0.0,0.9629134126919888,1.0,0.0,1.0
2022-12-23,0.0,0.9578928235791201,1.0,0.0,1.0
2022-12-28,0.0,0.9573245899705929,1.0,0.0,1.0
2022-12-29,0.0,0.9566046485380882,1.0,0.003601932370340824,0.9963980676296592
2023-01-03,0.0,0.9557312978363767,1.0,0.0022117876066105723,0.9977882123933894
2023-01-04,0.0,0.9533126794732872,1.0,0.0008875643711772285,0.9991124356288228
2023-01-05,0.0,0.9530466239764724,1.0,0.005542871712159628,0.9944571282878404
2023-01-06,0.0,0.9496577430305879,1.0,0.0045748692664778065,0.9954251307335222
2023-01-09,0.01613969235648306,0.9434972237821213,0.983860307643517,0.00676429191146823,0.9932357080885318
2023-01-10,0.008563880195297814,0.9444213586870196,0.9914361198047021,0.004524802056208615,0.9954751979437914
2023-01-11,0.0,0.9450280800772455,1.0,0.009899431852030637,0.9901005681479693
2023-01-12,0.0,0.9442913511951886,1.0,0.012804569049128453,0.9871954309508716
2023-01-13,0.0,0.9593126522918249,1.0,0.011588771060443299,0.9884112289395567
2023-01-17,0.0,0.968420884363992,1.0,0.01023042452168229,0.9897695754783177
2023-01-18,0.0,0.9775394307423033,1.0,0.0,1.0
2023-01-19,0.0,0.9790755648018159,1.0,0.0,1.0
2023-01-20,0.0,0.9789948101063491,1.0,0.0008097358245243558,0.9991902641754756
2023-01-27,0.0,0.9845387211789457,1.0,0.005237888043300267,0.9947621119566997
2023-01-30,0.0,0.9846186782943528,1.0,0.01159927481970928,0.9884007251802908
2023-01-31,0.0,0.9842590085989549,1.0,0.009580437185440492,0.9904195628145596
2023-02-01,0.0,0.9838587872518675,1.0,0.007476648364039086,0.992523351635961
2023-02-02,0.0,0.9842066517491266,1.0,0.005530191331313606,0.9944698086686864
2023-02-03,0.0,0.9836957443904063,1.0,0.004330990345759023,0.995669009654241
2023-02-06,0.0,0.9651133841543666,1.0,0.012129168759604434,0.9878708312403955
2023-02-07,0.0,0.965673145205867,1.0,0.008296695856459176,0.9917033041435408
2023-02-08,0.0,0.9683670498367034,1.0,0.004533276932329712,0.9954667230676703
2023-02-09,0.0,0.9681451418221663,1.0,0.006732174114004388,0.9932678258859956
2023-02-10,0.0,0.9788229252250252,1.0,0.002181855460282222,0.9978181445397177
2023-02-13,0.0,0.9788270048080719,1.0,0.0005652043468539615,0.9994347956531461
2023-02-14,0.0,0.9766132077169246,1.0,0.000509246657625397,0.9994907533423746
2023-02-15,0.0,0.9771583178111481,1.0,0.0,1.0
2023-02-16,0.0,0.9776932060675486,1.0,0.0,1.0
2023-02-17,0.0,0.9774927927942565,1.0,0.0,1.0
2023-02-22,0.0,0.9775466670242534,1.0,0.0,1.0
2023-02-23,0.0,0.9774176004074403,1.0,0.0,1.0
2023-02-24,0.0,0.9764281671063374,1.0,0.0,1.0
2023-02-27,0.0,0.9798460045174141,1.0,0.0,1.0
2023-02-28,0.0,0.9794909655532184,1.0,0.0,1.0
2023-03-01,0.0,0.978421165263224,1.0,0.0,1.0
2023-03-02,0.0,0.9788293726247445,1.0,0.0,1.0
2023-03-03,0.0,0.9784415339388011,1.0,0.0,1.0
2023-03-06,0.0,0.9759649629305172,1.0,0.006590286252496339,0.9934097137475036
2023-03-08,0.0,0.974228282679135,1.0,0.004359523490864514,0.9956404765091355
2023-03-09,0.0,0.9757492299985954,1.0,0.005541739481355676,0.9944582605186443
2023-03-10,0.0,0.974589090139142,1.0,0.0,1.0
2023-03-13,0.0,0.9643702089797326,1.0,0.0,1.0
2023-03-14,0.0,1.0,1.0,0.017782881526838042,0.982217118473162
2023-03-15,0.0,1.0,1.0,0.016279369538091046,0.9837206304619089
2023-03-16,0.0,1.0,1.0,0.014401667456100043,0.9855983325439
2023-03-17,0.0,1.0,1.0,0.013440759123433866,0.9865592408765661
2023-03-20,0.0,1.0,1.0,0.00971490839724414,0.9902850916027559
2023-03-21,0.0,1.0,1.0,0.008375017966603927,0.9916249820333961
2023-03-22,0.0,1.0,1.0,0.0066841992431912875,0.9933158007568087
2023-03-23,0.0,1.0,1.0,0.006905128293483868,0.9930948717065161
2023-03-24,0.0,1.0,1.0,0.009101899414942253,0.9908981005850578
2023-03-27,0.0,1.0,1.0,0.008052460590470214,0.9919475394095297
2023-03-28,0.0,1.0,1.0,0.007697113499640831,0.9923028865003591
2023-03-29,0.0,1.0,1.0,0.008172493260654126,0.9918275067393458
2023-03-31,0.0,1.0,1.0,0.008456411988059107,0.9915435880119409
2023-04-03,0.0,1.0,1.0,0.01369578523693713,0.9863042147630628
2023-04-06,0.0,1.0,1.0,0.01271431631811551,0.9872856836818845
2023-04-11,0.0,1.0,1.0,0.011304658680147201,0.9886953413198528
2023-04-12,0.0,1.0,1.0,0.011347020459626463,0.9886529795403736
2023-04-13,0.0,1.0,1.0,0.010549982392131669,0.9894500176078683
2023-04-17,0.0,1.0,1.0,0.009029260172765565,0.9909707398272344
2023-04-18,0.0,1.0,1.0,0.013737828014457379,0.9862621719855427
2023-04-19,0.0,1.0,1.0,0.012856722110866393,0.9871432778891336
2023-04-20,0.0,1.0,1.0,0.006696189265729345,0.9933038107342707
2023-04-24,0.0,1.0,1.0,0.0064597642579046315,0.9935402357420954
2023-04-26,0.0,1.0,1.0,0.006588745557175395,0.9934112544428246
2023-04-27,0.002389431919743986,1.0,0.997610568080256,0.006389481503152483,0.9936105184968476
2023-04-28,0.004449223437214619,1.0,0.9955507765627853,0.005972302051504712,0.9940276979484953
2023-05-02,0.004300584463955207,1.0,0.9956994155360448,0.009174880443868603,0.9908251195561314
2023-05-03,0.004040070031308452,0.9985766644504549,0.9959599299686915,0.010129696574515379,0.9898703034254847
2023-05-04,0.004135943086287283,0.9979931018448555,0.9958640569137127,0.01108655583091934,0.9889134441690807
2023-05-05,0.0030988152366439544,0.9947884445419416,0.9969011847633561,0.01591152045634404,0.984088479543656
2023-05-08,0.009901856589419819,0.9836658896167314,0.9900981434105802,0.027816567136403767,0.9721834328635962
2023-05-09,0.0,0.9864751936951573,1.0,0.033884063891759165,0.9661159361082409
2023-05-10,0.0,0.9853366019261982,1.0,0.0323065417810618,0.9676934582189382
2023-05-11,0.0,0.9848626619734978,1.0,0.0328710659632706,0.9671289340367294
2023-05-12,0.0,0.9868453206185203,1.0,0.030202869538580656,0.9697971304614194
2023-05-15,0.0,0.9862241943938183,1.0,0.02925526053280195,0.9707447394671981
2023-05-16,0.0,0.9863020109245472,1.0,0.0295395890832655,0.9704604109167345
2023-05-17,0.0,0.9817766050830462,1.0,0.03076432439418698,0.969235675605813
2023-05-18,0.0,0.9804300801024967,1.0,0.03158169604176773,0.9684183039582323
2023-05-19,0.0019470971831051264,0.9816437031379521,0.9980529028168948,0.030149992149913686,0.9698500078500863
2023-05-23,0.0,0.9761776758175886,1.0,0.03135852228448619,0.9686414777155138
2023-05-24,0.006404907660513843,0.9756977078154739,0.9935950923394862,0.031491215742819725,0.9685087842571802
2023-05-25,0.00020537622234545122,0.9811383207118543,0.9997946237776546,0.027782908644258704,0.9722170913557413
2023-05-30,0.0,0.9754171707068477,1.0,0.02664773008213623,0.9733522699178637
2023-05-31,0.0,0.9830133407885515,1.0,0.024211927934333678,0.9757880720656663
2023-06-01,0.0,0.9817906338285322,1.0,0.022069015085207738,0.9779309849147922
2023-06-02,0.0,0.978779540052875,1.0,0.020368535261740397,0.9796314647382596
2023-06-05,0.0,0.9644759277578607,1.0,0.019813206471468506,0.9801867935285314
2023-06-06,0.0,0.9696735860137783,1.0,0.0198951497734394,0.9801048502265606
2023-06-07,0.0,0.9790137068403375,1.0,0.017166936932125426,0.9828330630678745
2023-06-09,0.0,0.9833792254956246,1.0,0.02047114345678735,0.9795288565432126
2023-06-13,0.0,0.9811700698951128,1.0,0.025230994182937155,0.9747690058170628
2023-06-14,0.0,0.9831161768918996,1.0,0.026254263228411238,0.9737457367715887
2023-06-15,0.0,0.9821135068635332,1.0,0.022715942094228003,0.977284057905772
2023-06-16,0.0,0.9813689780904185,1.0,0.024990831924505068,0.975009168075495
2023-06-20,0.0,0.9812256949091208,1.0,0.023067327688531494,0.9769326723114685
2023-06-21,0.0,0.973656958271028,1.0,0.02088119929953387,0.9791188007004661
2023-06-23,0.0018444393129860004,0.9765664569612682,0.998155560687014,0.017389696890251178,0.9826103031097488
2023-06-26,0.003196739812435786,0.97277654647478,0.9968032601875643,0.02349078059444811,0.9765092194055519
2023-06-27,0.0020118547090192153,0.9718671217691739,0.9979881452909808,0.022399704451459054,0.977600295548541
2023-06-28,0.00523949005623025,0.9699373907353845,0.9947605099437697,0.022240323711990785,0.9777596762880092
2023-06-30,0.0030362607199284418,0.9705581062002359,0.9969637392800715,0.026466294791834422,0.9735337052081656
2023-07-05,0.014990648007002123,0.9702224758872445,0.9850093519929979,0.02072809953523245,0.9792719004647675
2023-07-06,0.012106925507235113,0.9694223272614121,0.9878930744927649,0.025085240778019328,0.9749147592219807
2023-07-07,0.008839093358619439,0.9696840522278479,0.9911609066413806,0.029924758669264043,0.970075241330736
2023-07-10,0.0059776076177182995,0.9680659927175068,0.9940223923822817,0.02963624655636486,0.9703637534436351
2023-07-11,0.004048106322164554,0.9672814106834418,0.9959518936778354,0.02784999670783485,0.9721500032921652
2023-07-12,0.003718471100026478,0.9666905943967122,0.9962815288999736,0.02674999877263086,0.9732500012273692
2023-07-13,0.005012275506214156,0.9602035176767809,0.9949877244937858,0.026232730126187803,0.9737672698738122
2023-07-14,0.0015383898328430103,0.9595565521623358,0.998461610167157,0.02529707856518059,0.9747029214348194
2023-07-18,0.0,0.9632177200794806,1.0,0.029513637813303205,0.9704863621866968
2023-07-19,0.008414450445640135,0.9582825833147118,0.9915855495543598,0.03523136422998741,0.9647686357700126
2023-07-20,0.006849317948121379,0.9577009729850899,0.9931506820518786,0.034682879354017086,0.965317120645983
2023-07-21,0.008457700283104462,0.9569384047763592,0.9915422997168956,0.035955915885540556,0.9640440841144594
2023-07-24,0.0065661067527377215,0.9560934108348663,0.9934338932472623,0.043627180398453064,0.956372819601547
2023-07-25,0.0057768813894640515,0.960015849442525,0.9942231186105359,0.039537669960569,0.960462330039431
2023-07-26,0.004460597493610881,0.9593624216545836,0.9955394025063892,0.03753395769457919,0.9624660423054208
2023-07-27,0.003323573735178733,0.9583223921813183,0.9966764262648212,0.037124734081868734,0.9628752659181312
2023-07-28,0.004883469648614723,0.9540106049396008,0.9951165303513853,0.03681595847556614,0.9631840415244338
2023-07-31,0.018894280383099087,0.9499114552365244,0.981105719616901,0.03483272361648485,0.9651672763835152
2023-08-01,0.015135696048358236,0.9492626192951445,0.9848643039516418,0.03420485939927807,0.9657951406007219
2023-08-02,0.01419777463450121,0.934188020532655,0.9858022253654988,0.03301769968082725,0.9669823003191728
2023-08-03,0.021146814319591863,0.9376035641130059,0.9788531856804081,0.0346798923099809,0.9653201076900191
2023-08-04,0.016716744248457847,0.9382724199295308,0.9832832557515422,0.0331824930615133,0.9668175069384867
2023-08-08,0.014784515085451455,0.9377001852354803,0.9852154849145486,0.03558810134661922,0.9644118986533807
2023-08-09,0.009233192538741298,0.9322391529187961,0.9907668074612587,0.03297617594018774,0.9670238240598122
2023-08-10,0.008665607329381684,0.9333878078119325,0.9913343926706183,0.032366494313634246,0.9676335056863657
2023-08-11,0.005530251002719645,0.934339884972869,0.9944697489972804,0.03216958040115553,0.9678304195988445
2023-08-14,0.0032790337569853487,0.9350001099728712,0.9967209662430146,0.033873287210539074,0.9661267127894609
2023-08-16,0.005159626875889452,0.9354679746676646,0.9948403731241106,0.03190392645703329,0.9680960735429667
2023-08-17,0.015165295943232387,0.9412717663315451,0.9848347040567677,0.033065547263447556,0.9669344527365524
2023-08-18,0.0,0.9732179130287476,1.0,0.01721676543516599,0.982783234564834
2023-08-21,0.0,0.9746471355061735,1.0,0.01587039839070821,0.9841296016092917
2023-08-22,0.0,0.9733220266767523,1.0,0.01614769946551065,0.9838523005344894
2023-08-23,0.0,0.9724658583679776,1.0,0.014301406594119749,0.9856985934058803
2023-08-24,0.0,0.9710822109304077,1.0,0.012692826084509045,0.9873071739154909
2023-08-25,0.004816813008142121,0.9726959883923217,0.9951831869918579,0.013571539096776221,0.9864284609032238
2023-08-28,0.0038838487814055146,0.9721302681719033,0.9961161512185945,0.013884705954445862,0.9861152940455541
2023-08-29,0.0011632746449941529,0.9710287036518394,0.9988367253550059,0.013079056828996955,0.9869209431710031
2023-08-30,0.0,0.9890476121885333,1.0,0.009204435186680012,0.99079556481332
2023-08-31,0.0,0.9883269870661832,1.0,0.007675983952523028,0.992324016047477
2023-09-05,0.0,0.992573512752944,1.0,0.004560622679144901,0.9954393773208551
2023-09-06,0.0,0.9914488480646161,1.0,0.02363552300640973,0.9763644769935903
2023-09-11,0.0,0.9904332723329426,1.0,0.022949902773808737,0.9770500972261913
2023-09-12,0.0,0.9895328658635012,1.0,0.054411971376459825,0.9455880286235402
2023-09-13,0.0,0.9833063806627382,1.0,0.04935373024297879,0.9506462697570213
2023-09-14,0.0,0.9815574765387743,1.0,0.045297467428811765,0.9547025325711882
2023-09-15,0.0,0.9810494911873741,1.0,0.041559265205216724,0.9584407347947833
2023-09-18,0.0,0.9781863986643506,1.0,0.03947641397592075,0.9605235860240793
2023-09-20,0.0,0.9770812697207304,1.0,0.037105211033960056,0.96289478896604
2023-09-21,0.0,0.976996145068428,1.0,0.04106685301581965,0.9589331469841803
2023-09-22,0.00810182630482518,0.9790908973001582,0.9918981736951749,0.03782908795512321,0.9621709120448768
2023-09-25,0.004002523905672954,0.9785966204641953,0.9959974760943271,0.03754602649805864,0.9624539735019414
2023-09-26,0.0014817658385053608,0.9791736310134909,0.9985182341614947,0.03425495878347412,0.9657450412165258
2023-09-27,0.013991252158501511,0.9769458852260863,0.9860087478414985,0.03154535338182446,0.9684546466181756
2023-09-28,0.007591609879123002,0.9677124769057287,0.992408390120877,0.030871131381529117,0.9691288686184709
2023-09-29,0.0,0.9626674685012537,1.0,0.044455465461276905,0.9555445345387231
2023-10-03,0.0,0.9619244119220319,1.0,0.04218912307994123,0.9578108769200587
2023-10-04,0.012110075437144461,0.9521014059766872,0.9878899245628555,0.039729735265446715,0.9602702647345532
2023-10-05,0.008196370118224992,0.9502929421901342,0.9918036298817751,0.039128142216138556,0.9608718577838614
2023-10-06,0.0033476407904649793,0.9511709940948916,0.996652359209535,0.04331708309725806,0.956682916902742
2023-10-10,0.0018828294585765146,0.9534878290676423,0.9981171705414235,0.039275532453640426,0.9607244675463595
2023-10-11,0.016623947960304343,0.9333315620182717,0.9833760520396957,0.03341683129382967,0.9665831687061703
2023-10-13,0.013221027462850848,0.9326985496095825,0.9867789725371492,0.03407910083537458,0.9659208991646254
2023-10-16,0.021579587933439455,0.8975898637373175,0.9784204120665605,0.03222275546420099,0.967777244535799
2023-10-17,0.0008662594254519652,0.9189002738795063,0.9991337405745481,0.030320803566512244,0.9696791964334878
2023-10-18,0.0,0.9207257245991459,1.0,0.029629687660854033,0.970370312339146
2023-10-19,0.006238509050455762,0.9102456232727322,0.9937614909495442,0.031936514233052125,0.9680634857669479
2023-10-20,0.010710929134142046,0.9129994695373935,0.9892890708658579,0.03125034066395996,0.9687496593360401
2023-10-25,0.033593797327257306,0.9218180459966705,0.9664062026727427,0.03566423521958554,0.9643357647804145
2023-10-26,0.025081049021992236,0.969383685967847,0.9749189509780077,0.09348555990005884,0.9065144400999412
2023-10-27,0.02594891925176443,0.9686233918607504,0.9740510807482355,0.0979230953262674,0.9020769046737326
2023-10-30,0.023538524297664593,0.9680561699937097,0.9764614757023354,0.0996350379881023,0.9003649620118976
2023-10-31,0.026658199566230365,0.968055477384874,0.9733418004337696,0.094000187579119,0.905999812420881
2023-11-01,0.024545452049991152,0.9662805224970215,0.9754545479500089,0.09010632264203053,0.9098936773579694
2023-11-03,0.02428399306053893,0.9651233446662808,0.975716006939461,0.08737152843614454,0.9126284715638555
2023-11-06,0.06663890871839839,0.9633465801200188,0.9333610912816016,0.09317926095978953,0.9068207390402104
2023-11-07,0.05921885799842063,0.961355268577248,0.9407811420015794,0.08598623396837608,0.9140137660316239
2023-11-08,0.052711579293748666,0.9587759607185143,0.9472884207062513,0.08068304355309816,0.9193169564469018
2023-11-09,0.04686941095323418,0.9560792107432045,0.9531305890467658,0.07641108883183045,0.9235889111681695
2023-11-10,0.04788420374012652,0.9580026509686768,0.9521157962598735,0.05368219101903714,0.9463178089809628
2023-11-13,0.056937484516247854,0.9482846013235109,0.9430625154837522,0.05187285614969671,0.9481271438503033
2023-11-16,0.04847863527725911,0.9467823455914577,0.9515213647227408,0.0500653639062292,0.9499346360937708
2023-11-17,0.07354359048406955,0.9350227839833241,0.9264564095159304,0.06460987169528151,0.9353901283047185
2023-11-20,0.0650079620990562,0.9349510457759848,0.9349920379009438,0.06249283815839707,0.9375071618416029
2023-11-21,0.059080524989356335,0.9367743318992852,0.9409194750106437,0.058968737361085995,0.941031262638914
2023-11-22,0.04444183430854676,0.9338476685735155,0.9555581656914532,0.05687114710799146,0.9431288528920085
2023-11-24,0.034300012805968394,0.9364056235200318,0.9656999871940316,0.04991102607708688,0.9500889739229131
2023-11-28,0.030306901454836617,0.9358769159673583,0.9696930985451634,0.049019508661924574,0.9509804913380754
2023-11-29,0.02703249732761672,0.9260072272272623,0.9729675026723833,0.049660955224845434,0.9503390447751545
2023-11-30,0.024099407044022286,0.9258252300052696,0.9759005929559778,0.05678025206861341,0.9432197479313866
2023-12-01,0.02199582240043026,0.9257693906240572,0.9780041775995697,0.05501481582257207,0.9449851841774279
2023-12-04,0.018946420459654823,0.9258979795053554,0.9810535795403452,0.05503544429346714,0.9449645557065328
2023-12-05,0.02223650582743795,0.9066403162301057,0.977763494172562,0.05140374466395539,0.9485962553360446
2023-12-06,0.01737991673042814,0.9147936601253661,0.9826200832695718,0.05068585006300834,0.9493141499369917
2023-12-07,0.0172222412016178,0.9147911956520653,0.9827777587983823,0.04683789231239662,0.9531621076876033
2023-12-08,0.020050474948591593,0.915888447105366,0.9799495250514084,0.042530396143097594,0.9574696038569024
2023-12-11,0.018300507538611135,0.9080178917784142,0.9816994924613889,0.0411230818484817,0.9588769181515183
2023-12-12,0.017005698148145076,0.9285762073026361,0.9829943018518549,0.03606379054936229,0.9639362094506377
2023-12-13,0.016426531425602728,0.9286053062210052,0.9835734685743973,0.035723759905156076,0.9642762400948439
2023-12-14,0.019733373995166403,0.9321045595835565,0.9802666260048336,0.03366137134949454,0.9663386286505055
2023-12-15,0.017821092687563357,0.9196152478150756,0.9821789073124366,0.03552274917724767,0.9644772508227524
2023-12-18,0.015095646846458489,0.9235450697831035,0.9849043531535415,0.04584085507448745,0.9541591449255126
2023-12-19,0.013548807174013855,0.9241862323100963,0.9864511928259861,0.04483566907491564,0.9551643309250843
2023-12-20,0.01557945266411615,0.9230776108754017,0.9844205473358838,0.04258215371836472,0.9574178462816353
2023-12-21,0.03835637976494102,0.9253065601327285,0.961643620235059,0.05595987144801343,0.9440401285519866
2023-12-22,0.04456436307172601,0.9253378436947057,0.9554356369282739,0.053280550644592896,0.9467194493554071
2023-12-27,0.04020834285568412,0.924043757225327,0.9597916571443159,0.04751799075889529,0.9524820092411047
2023-12-28,0.039690934357518325,0.9180987711969759,0.9603090656424816,0.05271209611600995,0.9472879038839901
2024-01-02,0.03529282150720956,0.9209037905335771,0.9647071784927904,0.051821270105935485,0.9481787298940645
2024-01-03,0.04283906680682314,0.9256673738152992,0.9571609331931769,0.051278660771705446,0.9487213392282946
2024-01-04,0.03365484728113036,0.9373054060845046,0.9663451527188697,0.03753433914614056,0.9624656608538594
2024-01-05,0.031407285263392745,0.9406992930350343,0.9685927147366072,0.03486175495094993,0.9651382450490501
2024-01-08,0.028889567709263375,0.9405854240128494,0.9711104322907367,0.03269863339042139,0.9673013666095787
2024-01-09,0.02148356735260011,0.9409887864491396,0.9785164326473998,0.03989924475921085,0.9601007552407892
2024-01-10,0.018229475440402543,0.9423647483498871,0.9817705245595975,0.03749005897005301,0.962509941029947
2024-01-11,0.017532955129790407,0.9418308184386776,0.9824670448702096,0.022111948693877576,0.9778880513061224
2024-01-12,0.015440941007477471,0.9414279623646588,0.9845590589925225,0.021157205753109382,0.9788427942468906
2024-01-16,0.008743584994920416,0.9347367728422423,0.9912564150050795,0.029962360662318714,0.9700376393376813
2024-01-17,0.010474214289832908,0.929708158492534,0.9895257857101671,0.02800821861051357,0.9719917813894864
2024-01-18,0.00951669234778474,0.9283502782055951,0.9904833076522153,0.03903839543159592,0.9609616045684041
2024-01-19,0.01671682228654221,0.9268303801931697,0.9832831777134577,0.03466920378412289,0.9653307962158771
2024-01-23,0.022276790422862937,0.9266789876236523,0.9777232095771371,0.03357531625188588,0.9664246837481141
2024-01-24,0.020257351680152125,0.9337544775893873,0.9797426483198479,0.010903073666016424,0.9890969263339836
2024-01-25,0.0184304375650422,0.9327874211987685,0.9815695624349579,0.0129354514340181,0.9870645485659819
2024-01-29,0.017674383829498687,0.9325507480917808,0.9823256161705013,0.01152821225912087,0.9884717877408792
2024-01-30,0.006536586795859836,0.9496290792807075,0.9934634132041401,0.011522720374022438,0.9884772796259775
2024-01-31,0.005499814284854173,0.9485386544455285,0.9945001857151459,0.013382664409844282,0.9866173355901557
2024-02-01,0.018098431146695324,0.9457776611690789,0.9819015688533047,0.014608648661119168,0.9853913513388808
2024-02-02,0.021222401378155408,0.9452406435994509,0.9787775986218445,0.012441560015797356,0.9875584399842027
2024-02-05,0.022546061548760394,0.9416981689117492,0.9774539384512396,0.011309515069130933,0.9886904849308691
2024-02-06,0.018993798764786764,0.941775397889251,0.9810062012352132,0.009629817874401394,0.9903701821255986
2024-02-07,0.01623324199217634,0.9411822404339062,0.9837667580078236,0.00692753728403914,0.9930724627159608
2024-02-08,0.01331571510302731,0.9421749428574836,0.9866842848969727,0.005520950968552149,0.9944790490314479
2024-02-09,0.01082366376118565,0.9415059889563406,0.9891763362388144,0.008882849648062055,0.9911171503519379
2024-02-14,0.00585057513420927,0.9410007300486622,0.9941494248657907,0.0062974585585753905,0.9937025414414246
2024-02-15,0.0062520925064228445,0.9350568486379834,0.9937479074935771,0.0,1.0
2024-02-16,0.006372758000978244,0.9336915429638538,0.9936272419990217,0.0,1.0
2024-02-20,0.007244431193960451,0.9326528625201982,0.9927555688060395,0.0,1.0
2024-02-21,0.008501613471947162,0.930399841052694,0.9914983865280529,0.0,1.0
2024-02-22,0.007079146291096894,0.9302228185367776,0.9929208537089032,0.0,1.0
2024-02-23,0.03983904576849862,0.9299842535987308,0.9601609542315014,0.0,1.0
2024-02-26,0.03451650701471171,0.926542932424896,0.9654834929852882,0.0,1.0
2024-02-27,0.027199297342775704,0.9335588288877124,0.9728007026572243,0.0,1.0
2024-02-28,0.02175262616413088,0.9376030807117472,0.9782473738358691,0.0,1.0
2024-02-29,0.014087901970589765,0.9504994382487109,0.9859120980294103,0.003939130727886159,0.9960608692721138
2024-03-01,0.014018191582887321,0.9486061376816618,0.9859818084171127,0.0033600137021807318,0.9966399862978192
2024-03-04,0.013916397299985507,0.9431399856844941,0.9860836027000145,0.006642958530179657,0.9933570414698203
2024-03-05,0.010950141231277483,0.9598109999728616,0.9890498587687225,0.003626863182014502,0.9963731368179854
2024-03-06,0.006099861542599752,0.9596470805991544,0.9939001384574002,0.002258825046298909,0.9977411749537011
2024-03-07,0.004454125362346322,0.9608715345532628,0.9955458746376536,0.0,1.0
2024-03-11,0.0056723494921515,0.9603770397292065,0.9943276505078485,0.0,1.0
2024-03-12,0.010943039367272688,0.9686083612360242,0.9890569606327273,0.003370789817387316,0.9966292101826126
2024-03-13,0.015117700608584346,0.967158822185747,0.9848822993914157,0.002626818194974482,0.9973731818050255
2024-03-14,0.013832833837595543,0.9671969773717541,0.9861671661624044,0.011536997674640287,0.9884630023253597
2024-03-15,0.011891098298745913,0.967996588527442,0.9881089017012541,0.012942204367453627,0.9870577956325464
2024-03-18,0.010131172823913253,0.9686964932883172,0.9898688271760867,0.009500262884260022,0.99049973711574
2024-03-19,0.010834220165538158,0.9690640927266789,0.9891657798344619,0.00640713009241987,0.9935928699075801
2024-03-20,0.010620378907092286,0.9780713798710144,0.9893796210929077,0.0,1.0
2024-03-21,0.003508151136434792,0.9838894099721347,0.9964918488635652,0.0,1.0
2024-03-22,0.003322848679132011,0.9794277478921052,0.996677151320868,0.0,1.0
2024-03-26,0.00254659019506855,0.9796802374827052,0.9974534098049315,0.0,1.0
2024-03-27,0.0036335699619868566,0.9884528154824653,0.9963664300380132,0.0,1.0
2024-03-28,0.005084677502380511,0.9871508820483565,0.9949153224976195,0.0,1.0
2024-04-02,0.00446430410693347,0.9860817727809618,0.9955356958930666,0.0,1.0
2024-04-03,0.0,0.9732248069959065,1.0,0.0,1.0
2024-04-05,0.0,0.9706626191099212,1.0,0.0,1.0
2024-04-08,0.0,0.9702631047236624,1.0,0.0,1.0
2024-04-09,0.0,0.9718748226576801,1.0,0.0,1.0
2024-04-10,0.0,0.9713601253408001,1.0,0.0,1.0
2024-04-12,0.004319571456800119,0.969433468978896,0.9956804285431999,0.0,1.0
2024-04-15,0.0016696962518965512,0.9643966541969032,0.9983303037481035,0.0,1.0
2024-04-16,0.0,0.963857972335106,1.0,0.0,1.0
2024-04-18,0.0,0.9622360022059019,1.0,0.0,1.0
2024-04-19,0.0,0.9617389515736452,1.0,0.0,1.0
2024-04-22,0.002042265971408254,0.960695087102547,0.9979577340285918,0.0,1.0
2024-04-23,0.0,0.9337299556236311,1.0,0.0,1.0
2024-04-24,0.004111101903802281,0.934154498881415,0.9958888980961977,0.0,1.0
2024-04-26,0.0015789979615699428,0.9378127500327672,0.9984210020384301,0.0,1.0
2024-04-29,0.002085258549842478,0.9373675515804264,0.9979147414501576,0.0,1.0
2024-04-30,0.0016214266775176085,0.9367382972521583,0.9983785733224824,0.0,1.0
2024-05-02,0.0,0.9434474555615634,1.0,0.0,1.0
2024-05-03,0.0,0.9447440712877095,1.0,0.0,1.0
2024-05-06,0.0,0.9513451854002793,1.0,0.0,1.0
2024-05-07,0.0,0.9496903417846039,1.0,0.0,1.0
2024-05-08,0.0,0.950223474785726,1.0,0.0,1.0
2024-05-09,0.0,0.9512459807166893,1.0,0.0,1.0
2024-05-10,0.0,0.9534582302514681,1.0,0.0036782591973724046,0.9963217408026276
2024-05-13,0.0,0.9455442375346917,1.0,0.004055420937720912,0.9959445790622791
2024-05-14,0.0,0.9393116365875938,1.0,0.0030936065584422586,0.9969063934415577
2024-05-16,0.0,0.938133963541255,1.0,0.004102592660950502,0.9958974073390495
2024-05-17,0.0,0.9482735814789128,1.0,0.0035009752027546815,0.9964990247972453
2024-05-21,0.0,0.9488546623576039,1.0,0.0006571999669336087,0.9993428000330664
2024-05-22,0.0,0.9527793391897578,1.0,0.0,1.0
2024-05-23,0.0,0.9511515468564844,1.0,0.0,1.0
2024-05-24,0.0,0.9438937576984441,1.0,0.0,1.0
2024-05-28,0.0,0.9442878906805021,1.0,0.0,1.0
2024-05-29,0.0,0.9427718855039258,1.0,0.0006435151247459116,0.9993564848752541
2024-05-31,0.0,0.9435951155273254,1.0,0.0005526995707714811,0.9994473004292285
2024-06-03,0.0,0.942932344723287,1.0,0.0012477763962339455,0.998752223603766
2024-06-04,0.0,0.9437127932910396,1.0,0.031061783617268694,0.9689382163827313
2024-06-05,0.0,0.9358168735711434,1.0,0.15831224213159867,0.8416877578684013
2024-06-06,0.0,0.9299810419966861,1.0,0.17915945625423776,0.8208405437457622
2024-06-07,0.0,0.9307649205362017,1.0,0.1586885051320326,0.8413114948679674
2024-06-11,0.0,0.9198531603715038,1.0,0.15137592487236384,0.8486240751276362
2024-06-12,0.0,0.9266340227533969,1.0,0.12463473497947156,0.8753652650205285
2024-06-13,0.0,0.9262174676791222,1.0,0.10967708352443215,0.8903229164755678
2024-06-14,0.0,0.9290803115024882,1.0,0.09482093236520558,0.9051790676347944
2024-06-18,0.0,0.9240242636826863,1.0,0.08388198529990123,0.9161180147000988
2024-06-20,0.0,0.9277645245844106,1.0,0.07444643688474382,0.9255535631152562
2024-06-21,0.0,0.9264679268808332,1.0,0.06587009377195571,0.9341299062280443
2024-06-24,0.0,0.9247907570848688,1.0,0.058363171484160405,0.9416368285158396
2024-06-25,0.0,0.940708891180765,1.0,0.04679441916045407,0.9532055808395459
2024-06-26,0.0,0.9392577143099443,1.0,0.042629693734895856,0.9573703062651041
2024-06-27,0.0,0.9416861469880267,1.0,0.03944298260789999,0.9605570173921
2024-06-28,0.0,0.9406752184365472,1.0,0.03652046586261404,0.963479534137386
2024-07-02,0.0,0.9444169599595407,1.0,0.031553849605825975,0.968446150394174
2024-07-03,0.0,0.9461619444759115,1.0,0.02863349927702085,0.9713665007229791
2024-07-05,0.0,0.9351188789089148,1.0,0.02858665086572863,0.9714133491342714
2024-07-08,0.0,0.9358731649860224,1.0,0.017889506427336648,0.9821104935726633
2024-07-09,0.0,0.9304643656282979,1.0,0.016790544351913357,0.9832094556480866
2024-07-10,0.0,0.9328276566721413,1.0,0.015886906326465257,0.9841130936735347
2024-07-11,0.0,0.9323418860802628,1.0,0.016396290538587217,0.9836037094614127
2024-07-12,0.0,0.9217683604152543,1.0,0.01560805330492314,0.9843919466950769
2024-07-15,0.0,0.9228700452252989,1.0,0.016593369443676467,0.9834066305563235
2024-07-16,0.0,0.9604480814520509,1.0,0.007898974554088835,0.9921010254459112
2024-07-18,0.0,0.9548997105919088,1.0,0.007719202947515132,0.9922807970524848
2024-07-19,0.004621145419588803,0.955890810351852,0.9953788545804112,0.009514783475421847,0.9904852165245781
2024-07-22,0.005230927067786931,0.9391556375295503,0.9947690729322131,0.015335041677999227,0.9846649583220007
2024-07-23,0.006322131272620097,0.9394941375732783,0.99367786872738,0.014170789955562571,0.9858292100444375
2024-07-24,0.0022505821504577752,0.9402347546432359,0.9977494178495422,0.014107349626591114,0.9858926503734089
2024-07-25,0.025319366712005895,0.939962605774621,0.9746806332879941,0.011443996649056187,0.9885560033509438
2024-07-26,0.021529257241818894,0.9221064210366692,0.9784707427581811,0.009467179728400464,0.9905328202715995
2024-07-29,0.016741463273537878,0.9260581613650217,0.9832585367264621,0.014544865433612067,0.9854551345663879
2024-07-30,0.011395806390366863,0.928378241957509,0.9886041936096331,0.013305593445697367,0.9866944065543026
2024-07-31,0.008037362801854499,0.9247234744025016,0.9919626371981455,0.01214407565233155,0.9878559243476684
2024-08-01,0.022693332458394402,0.9239386654224004,0.9773066675416056,0.011976537963435598,0.9880234620365644
2024-08-02,0.03385211885859591,0.9250035177041045,0.966147881141404,0.01143603826659449,0.9885639617334055
2024-08-06,0.021002278107497788,0.9419086487284385,0.9789977218925022,0.0031066927584984124,0.9968933072415016
2024-08-07,0.0,0.9666594856080691,1.0,0.0,1.0
2024-08-08,0.0,0.9671431657954803,1.0,0.0,1.0
2024-08-09,0.0,0.987810944230776,1.0,0.0,1.0
2024-08-12,0.0,0.9868838715341243,1.0,0.0,1.0
2024-08-13,0.0,0.9828283557701759,1.0,0.0,1.0
2024-08-14,0.0,0.9826446411240641,1.0,0.0,1.0
2024-08-16,0.0,0.9841068318852049,1.0,0.0,1.0
2024-08-19,0.0,0.9739957268869099,1.0,0.0,1.0
2024-08-20,0.0,0.9738450946905743,1.0,0.0,1.0
2024-08-21,0.0,0.9732852464580669,1.0,0.0,1.0
2024-08-22,0.0,0.97334532638571,1.0,0.0,1.0
2024-08-23,0.0,0.9723445122191412,1.0,0.0,1.0
2024-08-26,0.0,0.9810149131618595,1.0,0.0,1.0
2024-08-27,0.0,0.9808887333027329,1.0,0.0,1.0
2024-08-28,0.0,0.9844108997320936,1.0,0.0,1.0
2024-08-29,0.0,0.9838829152311686,1.0,0.0,1.0
2024-08-30,0.0,0.9819480566996546,1.0,0.0,1.0
2024-09-03,0.0,0.9785546906079532,1.0,0.0,1.0
2024-09-04,0.0,0.9801837870317243,1.0,0.0,1.0
2024-09-05,0.0,0.9798147389184341,1.0,0.0,1.0
2024-09-09,0.0,0.97690192043147,1.0,0.0,1.0
2024-09-10,0.0,0.9753562839915073,1.0,0.0,1.0
2024-09-11,0.0,0.9750003371956988,1.0,0.0,1.0
2024-09-12,0.0,0.9745660591234232,1.0,0.0,1.0
2024-09-13,0.0,0.9706206594018277,1.0,0.0,1.0
2024-09-16,0.0,0.9767898536876111,1.0,0.0,1.0
2024-09-17,0.0,0.9808886496416899,1.0,0.0,1.0
2024-09-19,0.0,0.9775025983863351,1.0,0.0,1.0
2024-09-20,0.0,0.9819064910043735,1.0,0.0,1.0
2024-09-23,0.0,0.9783940731836648,1.0,0.0,1.0
2024-09-24,0.0,0.9778146507636596,1.0,0.0,1.0
2024-09-25,0.0,0.9771922514953636,1.0,0.0,1.0
2024-09-26,0.0,0.9765409157083338,1.0,0.0,1.0
2024-09-27,0.0,0.9795258599608312,1.0,0.0,1.0
2024-09-30,0.0,0.9743736809048611,1.0,0.0,1.0
2024-10-03,0.0,0.9790010939735918,1.0,0.0,1.0
2024-10-04,0.0,0.9721905861316472,1.0,0.0,1.0
2024-10-07,0.0,0.9707148725588786,1.0,0.0,1.0
2024-10-08,0.0,0.9700381841350775,1.0,0.0,1.0
2024-10-09,0.0,0.9654457817384255,1.0,0.0,1.0
2024-10-10,0.0,0.9689602605088873,1.0,0.0,1.0
2024-10-15,0.0,0.9669756435939788,1.0,0.0,1.0
2024-10-16,0.0,1.0,1.0,0.0,1.0
2024-10-17,0.0,1.0,1.0,0.0,1.0
2024-10-18,0.0,1.0,1.0,0.0,1.0
2024-10-21,0.0,1.0,1.0,0.0,1.0
2024-10-22,0.0,1.0,1.0,0.0,1.0
2024-10-23,0.0,0.9978010316852836,1.0,0.0,1.0
2024-10-24,0.0,0.9971036157544235,1.0,0.0,1.0
2024-10-25,0.0,0.9984614854981673,1.0,0.0,1.0
2024-10-28,0.0,0.9976752345247966,1.0,0.0,1.0
2024-10-29,0.0,0.9993481533777616,1.0,0.0,1.0
2024-10-30,0.0,1.0,1.0,0.0,1.0
2024-10-31,0.0,1.0,1.0,0.0,1.0
2024-11-01,0.0,1.0,1.0,0.0,1.0
2024-11-04,0.0,1.0,1.0,0.0,1.0
2024-11-05,0.0,1.0,1.0,0.0,1.0
2024-11-06,0.0,1.0,1.0,0.0,1.0
2024-11-07,0.0,0.9561902323852784,1.0,0.0,1.0
2024-11-08,0.0,0.9530578922899933,1.0,0.0,1.0
2024-11-11,0.0,0.952560892681966,1.0,0.0,1.0
2024-11-12,0.0,0.9365372326619118,1.0,0.0,1.0
2024-11-13,0.0,0.9366899956216883,1.0,0.0,1.0
2024-11-14,0.0,0.9355787198674559,1.0,0.0,1.0
2024-11-18,0.0,0.9385369316612355,1.0,0.0,1.0
2024-11-19,0.0,0.9389874903252532,1.0,0.0,1.0
2024-11-21,0.0,0.9394520470215921,1.0,0.0,1.0
2024-11-22,0.0,0.9468764649590375,1.0,0.0,1.0
2024-11-25,0.0,0.9435133342583799,1.0,0.0,1.0
2024-11-26,0.0,0.9446866447602241,1.0,0.0,1.0
2024-11-27,0.0,0.9456846415830714,1.0,0.0,1.0
2024-11-29,0.0,0.9497000371571976,1.0,0.0,1.0
2024-12-02,0.0,0.9501999240795662,1.0,0.0,1.0
2024-12-03,0.0,0.9510293373808426,1.0,0.0,1.0
2024-12-04,0.0,0.9508493155996613,1.0,0.0,1.0
2024-12-05,0.0,0.9526923187957171,1.0,0.0,1.0
2024-12-06,0.0,0.9540690392127797,1.0,0.0,1.0
2024-12-09,0.0,0.9568896621775512,1.0,0.0,1.0
2024-12-10,0.0,0.95438800885504,1.0,0.0,1.0
2024-12-11,0.0,0.949250214172163,1.0,0.0,1.0
2024-12-12,0.0,0.9556119477295891,1.0,0.0,1.0
2024-12-13,0.0,0.9515026281601111,1.0,0.0,1.0
2024-12-16,0.0,0.9468910803182355,1.0,0.0,1.0
2024-12-17,0.0,0.9504232751899596,1.0,0.0,1.0
2024-12-18,0.0,0.95060159434036,1.0,0.0,1.0
2024-12-19,0.0,0.9619533090795445,1.0,0.0,1.0
2024-12-20,0.0,0.9623578180026834,1.0,0.0,1.0
2024-12-23,0.0,0.9575356218764246,1.0,0.0,1.0
2024-12-27,0.0,0.9631516056376255,1.0,0.0,1.0
2024-12-30,0.0,0.9624031980108951,1.0,0.0,1.0
