date,hedge_BTC-USD_with_GC=F,hedge_BTC-USD_with_^GSPC,hedge_ETH-USD_with_^NSEI
2020-02-06,0.5154235407846053,0.6877325574279124,0.6336837326781727
2020-02-07,0.5157101995451774,0.7332894794818745,0.650950299457313
2020-02-10,0.5186020075269586,0.777226819203107,0.6658554907962326
2020-02-11,0.5241838310394983,0.8220329885923731,0.6957440431087801
2020-02-12,0.5014644206387123,0.8654596232176772,0.712498676066227
2020-02-13,0.5065592831386911,0.9154061266996572,0.7552835714934065
2020-02-14,0.50302396804889,0.977394766642306,0.7857536204140365
2020-02-18,0.5047631603022728,1.0344649523283125,0.7939782253577636
2020-02-19,0.470450037256,1.104294763405249,0.8434985704701611
2020-02-20,0.45357473291378136,1.1650009960845449,0.7565290308701847
2020-02-26,0.4505121106726982,1.2259367647358008,0.7816293207792275
2020-02-27,0.3302846567471867,0.707988154170104,1.0923857313861243
2020-02-28,0.3328679456715013,0.6546923091025769,1.1136576290303382
2020-03-02,0.23471284792337854,0.6944166075284048,0.9788318057265124
2020-03-03,0.26921817674959525,0.612062787151817,0.9996572651450877
2020-03-04,0.23147500892772555,0.6382171310067417,0.844385576974071
2020-03-05,0.2365489242685929,0.5552017379518279,0.8591154700847137
2020-03-06,0.29756648056383417,0.5636400934436905,0.8700341310463816
2020-03-09,0.30048026603707223,0.5853904958136003,0.7142199620472226
2020-03-11,0.37924707280623493,0.6771952754885877,1.1491095922140446
2020-03-12,0.3422861340526056,0.7162005934509517,1.1540257548507584
2020-03-13,1.8968055050894768,1.4165323887276822,2.6694119256141478
2020-03-16,1.3371683638917162,1.1400038140244828,2.554268547325417
2020-03-17,1.2933080945397115,0.8679680227106686,2.0433564118215575
2020-03-18,1.2165444578600793,0.841845662859249,2.090602408352922
2020-03-19,1.0290044054850296,0.8397231509676182,1.843355547276064
2020-03-20,1.1760000352578657,0.9646774347339979,1.9735572820586644
2020-03-23,1.1852250251294218,0.9961873189847131,1.6762364624193982
2020-03-24,0.9990251771570728,1.0527271968844254,1.1469326851398403
2020-03-25,0.8805704198395327,0.8565109517054353,1.1290760367922035
2020-03-26,0.8831172167201929,0.8903223646673727,1.0027026169328819
2020-03-27,0.8871171188267684,0.8868793464288566,1.0076721470842835
2020-03-30,0.8703525921119157,0.9021809976213641,1.0310001159071154
2020-03-31,0.8793416406621942,0.8906062493494712,1.0331146507314284
2020-04-01,0.8413624484619217,0.9368955116396588,1.0039345081034403
2020-04-03,0.8460955620690139,0.9249780350555379,0.9896976456726646
2020-04-07,0.7633708380547317,0.9427485403776591,1.02731238046199
2020-04-08,0.7812613319618867,0.8996094674700224,1.006239943965939
2020-04-09,0.7966136075798688,0.8831057563932607,1.0353524626933481
2020-04-15,0.7528102359171415,0.931201026763579,1.0068809306359428
2020-04-16,0.8102351431511496,1.0257774572941556,1.0657487699678996
2020-04-17,0.8702526721965907,1.1084173843777756,1.1448840970840428
2020-04-20,0.8492940728744179,1.08263635497644,1.1006729364747363
2020-04-22,0.8689590090670852,1.0910127027964391,1.120157323569213
2020-04-23,0.8867753774361913,1.1650037364032684,1.158184221291449
2020-04-24,0.8788218416247033,1.2333206157784962,1.1760601464607636
2020-04-27,0.8689652412248032,1.269863574007513,1.185489603100482
2020-04-28,0.8421991671795876,1.3226345149531848,1.2075659855775305
2020-04-29,0.8424474496402735,1.3902137013394276,1.217753282449793
2020-05-04,0.9028873751354376,1.5019225074824176,1.2755101429818574
2020-05-05,0.8811696371608028,1.1967899447488584,1.24018949125015
2020-05-06,0.882718537518731,1.2377486725074356,1.266542399082313
2020-05-07,0.8439416059080587,1.3163762143593334,1.262663572993532
2020-05-08,0.9241787167015544,1.429396758893279,1.2901830526492193
2020-05-11,0.9174182810149928,1.4123376414300886,1.3072574052193677
2020-05-12,1.2374448265382139,1.7402409584005094,1.4948025601781483
2020-05-13,1.2380529013872401,1.7850282703164686,1.5222591694641432
2020-05-14,1.221686319084412,1.5473640766546086,1.5403746383648265
2020-05-15,1.2499889402518372,1.6308062006421957,1.3954515237591154
2020-05-19,1.218961428659549,1.700576000590652,1.4240183423135682
2020-05-20,1.1835326322843387,1.5725448861112963,1.2594542602717793
2020-05-21,1.1547638634572008,1.4006095899042643,1.0977383143542963
2020-05-22,1.1528714694245183,1.4949172887872004,1.1224471376545055
2020-05-26,1.1483691704807237,1.5743508150383152,1.1355469922087418
2020-05-27,1.1510502894839538,1.4064567750961257,1.1348667339381693
2020-05-28,1.1424791334257813,1.4555487059691574,1.0313298639134798
2020-05-29,1.1671387017857062,1.5597766039730028,1.0401998434585884
2020-06-01,1.1161757192520303,1.62950766778848,1.048077270328396
2020-06-02,1.0559118988354004,1.7665676529370231,1.194920426298373
2020-06-03,1.1418140200727223,1.6638236790187857,1.1013862925700408
2020-06-04,0.8973334022465651,1.7118024126966802,1.1298423087302072
2020-06-05,0.8752355563925333,1.7888452579289342,1.1518350160677946
2020-06-09,0.7795096682838522,1.172973119328519,1.1262290851702983
2020-06-10,0.736476639987868,1.2260818507656552,1.1370456265210254
2020-06-12,0.7355910778653892,1.244880221192791,1.1524793898221588
2020-06-15,0.64563394455111,0.8449148120724573,1.194118820158628
2020-06-16,0.6402793329620567,0.8938075493633472,1.1884666436131133
2020-06-17,0.6456258470720445,0.8504372489736185,1.189285317454808
2020-06-18,0.6436870250347188,0.8946443918494773,1.1987265476759923
2020-06-19,0.6485773609000279,0.9503898759418669,1.049444812746168
2020-06-22,0.6267667209248919,0.9950218057333472,0.9806930232739502
2020-06-23,0.6510082292485835,1.0829041593003723,1.0707098715974182
2020-06-24,0.6524103550539757,1.1435893431293669,1.0566519093917996
2020-06-26,0.7045118076475951,0.922512674501737,1.0856931086152501
2020-06-29,0.705823241114212,0.9309506673871086,1.072274902138156
2020-06-30,0.704287618551792,0.8965889522213839,1.0976116432323801
2020-07-02,0.6728577681092911,0.8475083150283143,1.124750741782919
2020-07-06,0.6556754467977526,0.8837818010517912,0.9858569657460694
2020-07-07,0.6029260752364298,0.9414168755983979,1.0467266632259902
2020-07-08,0.5815723610405863,0.9525322294978447,1.0678272870120262
2020-07-09,0.6205092706909742,0.9600910895795066,1.1032113750958996
2020-07-10,0.6365488614539083,1.011129127169461,1.0715191620928206
2020-07-13,0.6382434743518197,0.9448422987014302,1.0964690037931804
2020-07-14,0.6337044637605141,0.9400219979086138,1.1215394688562468
2020-07-15,0.6338478909716723,0.8646036067288452,1.0245625222761043
2020-07-16,0.6332642525792075,0.8662959559319623,1.0401531072094992
2020-07-17,0.6238790720523912,0.8978005145077741,1.009925159166046
2020-07-20,0.623074525228367,0.951263626562935,0.871266327972321
2020-07-21,0.6241651597920135,0.99541174252303,0.8845789318050908
2020-07-22,0.6661659285291057,1.0795265666335618,0.9444721168376063
2020-07-23,0.6779047530151108,1.1465430095998312,0.9198508907125355
2020-07-24,0.6585033392277253,1.0315398016002757,1.0116100493394495
2020-07-27,0.6578872254415646,1.0569541280711503,1.0307120838917423
2020-07-28,1.4134934359720825,1.6983564308645764,0.9321762346917555
2020-07-29,1.3549062512419057,1.7402916690390042,0.7115338465838515
2020-07-30,1.3457550354922618,1.5408094149782905,0.7073450574264013
2020-07-31,1.2633902716663852,1.5222150499352696,0.5782458304524203
2020-08-04,1.2405005354431384,1.4927275530371893,0.5973133513373298
2020-08-05,1.013504941440681,1.2527704816124192,0.8545677724005865
2020-08-06,1.0772685698543398,1.3684603414075462,0.8716055461510062
2020-08-07,1.068804896180144,1.4265676872052735,0.8521309233119275
2020-08-10,0.9605629802146726,1.4910661003119776,0.8578502875357765
2020-08-11,0.9785377320251512,1.5562061992425897,0.9228371257068814
2020-08-12,0.7893905869157117,1.6359628598387728,0.847271584539588
2020-08-13,0.7958571912975653,1.5004165849248694,0.8291958221807889
2020-08-14,0.8075030953251412,1.511097843037225,0.8115984722508225
2020-08-17,0.8045458732614527,1.5495812153146638,0.7439425127108066
2020-08-18,0.836941025915006,1.6484594290817187,0.7000705389376283
2020-08-19,0.8379095992485818,1.6604879228289056,0.5186978280392768
2020-08-20,0.8124185367067127,1.634640528782171,0.5549425124029435
2020-08-21,0.789977871613366,1.6382573670487905,0.5112304405038104
2020-08-24,0.8150635724545024,1.64095714541446,0.38002450708026747
2020-08-25,0.8105913738633981,1.541325367140485,0.4804059367877989
2020-08-26,0.8837299507183468,1.6892827563773374,0.6685492114480092
2020-08-27,0.8715723947638793,1.5118674701533108,0.6499134243770044
2020-08-28,0.8759874924080723,1.580635883895144,0.6751266788292316
2020-08-31,0.8667040447200844,1.6289902096254525,0.6989877033318654
2020-09-01,0.8572327101469297,1.3443632061754889,-0.18181713060205137
2020-09-02,0.8981422558349741,1.24694609790109,0.01930583348731038
2020-09-03,1.0023784955287067,1.1583967890200773,0.026076979854937114
2020-09-04,1.2835353104815002,1.2394646269988552,0.05899802892238822
2020-09-08,1.293660523522512,1.296663330141166,0.056492282096433304
2020-09-09,1.2824098437420504,1.171514775812332,0.038926080019462
2020-09-10,1.2778336918031779,1.1005384941832097,0.042426365463902944
2020-09-11,1.274136809273204,1.0199763211443535,0.12999718665725882
2020-09-14,1.2223742294043536,1.0820349117309849,0.14451496987020715
2020-09-15,1.2391460746529086,1.126627145449444,0.1557081499401319
2020-09-16,1.2373384946735966,1.181858377597226,0.09140657091147694
2020-09-17,1.2414341321734106,1.249790282486522,0.09821084899966417
2020-09-18,1.150995205923995,1.2351241474959445,-0.01777358049847622
2020-09-21,1.1358178962470449,1.2249050505291916,-0.004579872652085504
2020-09-22,1.1165055992932533,1.3149058492654966,0.5526833480330531
2020-09-23,1.1167265523331094,1.3083315715443904,0.5468268180427605
2020-09-24,1.0794608868155438,1.1141427210779211,0.6117334654880793
2020-09-25,1.172575901698433,1.2543393910239968,0.18886365169873895
2020-09-28,1.164672461741287,1.1958783669408797,0.17651077315316346
2020-09-29,1.1527001935735928,1.1291772463251633,0.17872377495023276
2020-09-30,1.129671883516754,1.1989367317823436,0.19257835553754526
2020-10-05,1.1272949064251105,1.237344290950124,0.20278755642149138
2020-10-06,1.1189481508888872,1.2728175912116053,0.1452830504254457
2020-10-07,1.1313688193114144,1.178074753615697,0.09245007628250411
2020-10-08,1.134939023152735,0.9417240888692141,0.10900019262825109
2020-10-09,1.1328337658999004,1.011759631095386,0.12754933385976422
2020-10-14,1.102561361309594,1.0714661787893176,0.1522801251215516
2020-10-15,1.075494620161337,1.1741692556726837,0.21081159616910983
2020-10-16,1.0636864931108014,1.2117353491726681,0.21382962138135442
2020-10-19,1.072046236636142,1.2878330196423953,0.19459772428149755
2020-10-20,1.1200438621699833,1.0705924652492218,0.23866261016890636
2020-10-21,1.1241003635074436,1.1255574716598502,0.23721950703850944
2020-10-22,1.3515218254332355,1.2959331579572928,0.28813285216226814
2020-10-23,1.2091649110137677,1.3372635197102227,0.2818652410925403
2020-10-27,1.19796403609917,1.3783348372229323,0.2859893392107553
2020-10-28,1.3150127793096658,0.8867871635105964,0.3009540760441449
2020-10-29,1.2528733815518311,0.6171469222128122,0.4154015896623217
2020-10-30,1.2572897773785081,0.6146553686002874,0.42689025073728326
2020-11-03,1.2459712130072023,0.6151554217808245,0.45421834464162686
2020-11-04,1.219364010378273,0.5650865501195124,0.43763088641324255
2020-11-05,1.1869527597642546,0.5504580223762957,0.5017338695601595
2020-11-06,1.5391529721780428,0.7162764632967709,0.5267086450813703
2020-11-09,1.5316276128444835,0.7611089281791849,0.6913904673847225
2020-11-10,0.8953459813430061,0.7844004777242614,0.5828549926788112
2020-11-11,0.8900953721407665,0.8339204103174417,0.5719661637193499
2020-11-12,0.9016461445227537,0.8796403636418838,0.6106356525639909
2020-11-13,0.9460179478820662,0.9129202065960829,0.6301685169843548
2020-11-17,0.9425573625373099,0.854029901602682,0.6731979465520531
2020-11-18,0.968821910329768,0.9824004849772777,0.682080004996229
2020-11-19,0.9640660587170247,0.9582328652996444,0.6837163157808113
2020-11-23,0.9574788619508492,1.007802465897775,0.7001927386844573
2020-11-24,0.8721224720781435,1.0333500851889315,1.4491779818290023
2020-11-25,0.7742416812330386,1.018704069550905,1.3592198929538708
2020-11-27,0.8003146403563296,1.0888876896302706,1.3436224526526679
2020-12-01,1.0298822181128184,1.2480383612367694,1.2553094141801036
2020-12-02,1.235247643238744,1.5049386312693627,1.4623838733093288
2020-12-03,1.2362067805488564,1.5351467341800498,1.4547129074625975
2020-12-04,1.2313637512651576,1.5887416519152842,1.478110933022155
2020-12-07,1.2481391771943982,1.3713046310175763,1.276833305239469
2020-12-08,1.23267099016911,1.3912567879742295,1.3050751407296497
2020-12-09,1.2056953803435422,1.373197830657086,1.265985699967023
2020-12-10,1.0027328490023382,1.1626116024402744,1.2833565905244886
2020-12-11,1.0040130920127437,1.2119049764603989,1.3084468171802108
2020-12-14,1.008809634249074,1.2520351914572787,1.3347503735563044
2020-12-15,0.9874139647755205,1.2310202811493387,1.41508626117055
2020-12-16,0.9447021981613111,1.036371469556971,1.4192446640720169
2020-12-17,1.0370689661461205,1.1891592503604638,1.545754212173705
2020-12-18,1.1402083592077756,1.329251841348751,1.5470234595487438
2020-12-21,1.1254264712889395,1.304259789200299,1.5467791739382302
2020-12-22,1.1263432297643263,1.346087069597887,1.2863361724103064
2020-12-23,1.1136338716601408,1.4353581570627714,1.2880014135685236
2020-12-29,1.0541658365072697,1.3871628833199234,1.1430398805845225
2020-12-30,0.9826435140278038,1.7019330094116971,1.702356172200607
2021-01-04,1.010175420528811,1.7409755988321514,1.7291767540691074
2021-01-05,1.2229845360855482,0.8855333232087801,2.494142911710879
2021-01-06,1.277628288086346,0.9883919222408494,2.5146825267497466
2021-01-07,0.87091550668542,1.1418855637231968,2.512737543069253
2021-01-08,0.9008313605741678,1.1697928137001097,2.5211374450430126
2021-01-11,0.5016451677062216,1.220640426992695,2.2231828360525725
2021-01-12,0.5030547368738413,1.6619417426924155,2.134226962918585
2021-01-13,0.5243064724683896,1.7261409840607111,2.070272070187679
2021-01-14,0.5506492251807817,1.7579434400614025,2.008156235832974
2021-01-15,0.5471496200392187,1.720367011467087,2.0577244672818304
2021-01-19,0.6338633002095272,1.8058863034182189,1.9759237687511364
2021-01-20,0.6154113302426758,1.6279436884136123,2.2701453467561428
2021-01-21,0.5606675137367009,1.3208233768039983,2.191437269664812
2021-01-22,0.7394124689546526,1.7163903551065756,2.7966455096233687
2021-01-27,0.7068843403132634,1.7413750479059207,2.2395710274318303
2021-01-28,0.8021061744252876,1.4445638199745428,1.5116218053195638
2021-01-29,0.7929651834877292,1.5905915566990818,1.448514439394392
2021-02-01,0.7924259646678656,1.267506462359515,1.323392953157295
2021-02-02,0.753657037282077,1.175195703863851,0.7758089005975936
2021-02-03,0.5920280929928943,1.1959332001598886,0.8339402619557287
2021-02-04,0.5762374249671551,1.2605830818961499,0.8852286171618283
2021-02-05,0.5392684267039767,1.2475240669205068,0.8954671924198178
2021-02-08,0.5585331714301643,1.3156701588366029,0.9355788591345288
2021-02-09,0.8821637405130662,1.770074013908697,0.9388042903914781
2021-02-10,0.8741972282836571,1.8430800696772613,0.9583156971356737
2021-02-11,0.8699489518727103,1.9401160251817522,0.9831955684830653
2021-02-17,0.76988931471532,2.0449752210400445,1.003786822295107
2021-02-18,0.3532654621898405,2.2179151323374597,1.0317052371397073
2021-02-19,0.35887305000103153,2.169650225475497,0.9921910342189846
2021-02-22,0.35563417247125206,2.1071879348664853,0.9515054520495043
2021-02-23,0.26549253096593955,2.0445853858082135,1.122406823780591
2021-02-24,0.3402324186392584,2.301306540860769,1.248430430436921
2021-02-25,0.3313908275683929,2.103707951895158,1.2002888881556568
2021-02-26,0.42634552836012835,1.5272385845581884,1.1825733705205455
2021-03-01,0.4201783205423788,1.5703003808619425,0.9756144095370919
2021-03-02,0.4533890519263074,1.3019551086209675,1.0332116421871893
2021-03-03,0.4487034398703349,1.3325099937926903,1.0381580997056192
2021-03-04,0.37531558017580935,1.2621821469313554,1.0318167353487522
2021-03-05,0.4686832824576347,1.2444132191646446,1.0298830593088275
2021-03-08,0.4685647226530559,1.1109809828590003,1.0448551602141931
2021-03-09,0.34621828631840895,1.1650123983070773,1.2138190098746127
2021-03-10,0.43354137763838746,1.1831471340104056,1.2011662395716047
2021-03-12,0.4277988117253566,1.2429823881434716,1.2529570995288148
2021-03-15,0.42148661176965413,1.2749382401562441,1.245111292012762
2021-03-16,0.3972310865990338,1.302410416329306,1.2408338894504451
2021-03-17,0.3956354596247396,1.3444211228197926,1.2529073808237585
2021-03-18,0.385547313656387,1.4246067675497245,1.1787201119677193
2021-03-19,0.39075426816790687,1.2558513798995463,1.1693415211289822
2021-03-22,0.3869416072382472,1.3099748249271206,1.1014711398328323
2021-03-23,0.5072251185812038,1.4288690580109524,1.21501519008182
2021-03-24,0.4960283047912462,1.4058403119470553,1.2213566822810924
2021-03-25,0.4319779888829924,1.5071872178849626,1.267911529157227
2021-03-26,0.45546072820718564,1.5119289383446126,1.1836536492580716
2021-03-30,0.5093906725180783,1.4941531178442993,1.253730298495846
2021-03-31,0.11082444509606955,1.5749030617309852,1.2846596294562471
2021-04-01,0.10228563884033494,1.4291095961950866,1.3151384586728816
2021-04-07,0.10304737846433686,1.405862720875208,1.3316159849340252
2021-04-08,0.027511621686701723,1.008215238673537,1.358244932102851
2021-04-09,0.14267710890821947,1.0288755046715166,1.4231431983786913
2021-04-12,0.15018182657556978,1.0267979962075298,1.454178952162276
2021-04-13,0.13941176459639143,1.0911169044348439,0.9100374779356528
2021-04-15,0.22899924734804908,1.218315387575831,0.9932451501665921
2021-04-16,0.21088850354954253,1.2176826461877066,1.0957336046416617
2021-04-19,0.20127270682798262,1.3091803240319777,1.1492653987523294
2021-04-20,0.38323867086965313,1.6981240303597478,1.413402428341535
2021-04-22,0.38916282767715055,1.7233377439428674,1.4717517710919237
2021-04-23,0.28399674334626407,1.6706848440128421,1.455279894724205
2021-04-26,0.31053166359546003,1.6341219767336763,1.4766993643673034
2021-04-27,0.2990648042123265,1.673255949084706,1.5545725944083435
2021-04-28,0.29598812152126974,1.6985952432168725,1.58665493411797
2021-04-29,0.30950845603319765,1.6910196468916834,1.5772894412576888
2021-04-30,0.35481851972295203,1.7041544245201419,1.6051097036833042
2021-05-03,0.31592737426986855,1.2121469040271995,1.3788002484926243
2021-05-04,0.2543542641694937,1.2405182775168306,1.687143471247558
2021-05-05,0.4670338880451044,1.4570282504431353,1.7304758065729766
2021-05-06,0.5266663593999791,1.54760271495881,1.816120178002374
2021-05-07,0.3966572399039541,1.4170864094836895,1.7904554695358126
2021-05-10,0.3995302314565917,1.4371084041289566,1.7984068707929266
2021-05-11,0.41647150491633234,1.257961174945755,1.9743828537995787
2021-05-12,0.41804237407223216,1.232806332897903,1.9595752249413927
2021-05-14,0.8501972747364573,1.716124432570563,2.161517003366597
2021-05-17,0.8286196700206228,1.3121131461758189,2.2061856225568035
2021-05-18,0.4885538019468866,1.644771745589479,1.736865525660073
2021-05-20,0.48927431840967583,1.6763990739689993,1.6690880719847023
2021-05-21,0.4234292808312803,1.7300216727071895,2.1984291417665975
2021-05-25,0.5637254223080838,1.9540041920632394,1.8330824637343164
2021-05-26,0.5771817473599518,2.0305988669926918,1.8755170124696243
2021-05-27,0.5732813637687106,2.1176480134987603,1.9231120866146
2021-05-28,0.5957314031219,2.2127408425467747,1.9631011708488937
2021-06-01,0.5585031985758808,2.3938814231440615,1.8899387053834942
2021-06-02,0.5345533986717905,2.400943776758576,1.967415672547512
2021-06-04,0.5561560468844813,2.4124573530477083,1.9735804429520367
2021-06-07,0.5714265436265368,2.290516636468214,1.8754168814607894
2021-06-08,0.5809695680300985,2.619457947532608,1.8602432497879802
2021-06-09,0.5750857562683616,2.6579600921574515,1.8886362040589058
2021-06-10,0.6771272875076229,2.918810662256579,1.8051308768481615
2021-06-11,0.6661933877985877,2.843257410661582,1.6773007131482083
2021-06-15,0.5914288877702649,2.86393528421823,1.6249301426306375
2021-06-16,0.3575558877026716,3.0446897653940628,1.8144288383978102
2021-06-17,0.30153967872593773,3.1140394419802346,2.018636182763788
2021-06-18,0.19660789774299148,2.918215581855638,2.0085484543512258
2021-06-21,0.19481501119533198,2.8524289159681997,1.8900779795574036
2021-06-22,0.13241615705843232,2.03794334557049,1.9754157850779284
2021-06-23,0.12794992122451293,2.070900747626008,1.9559677424260755
2021-06-24,0.15621225709329414,2.1393307725586856,1.8342220987367759
2021-06-25,0.14385782777659165,2.161949692545471,1.754317638338554
2021-06-28,0.17017173306612463,2.268891539598913,1.667946181902453
2021-06-29,0.20036353276280663,2.4456347469969644,1.4946287619138239
2021-06-30,0.14688765275406723,2.483814596150062,1.3888813243873481
2021-07-02,0.13310360736750973,2.490259208068094,1.3174745345368926
2021-07-06,0.07881393222406637,1.456848954342881,1.2376809695985866
2021-07-07,0.08543510246890347,1.4254163739685695,1.3144081847971634
2021-07-08,0.07051418952647755,1.3184763445620458,1.1400017013265389
2021-07-12,0.08262293035030105,1.3284272593556101,1.461975800325441
2021-07-13,0.08798711339261202,1.2401029493760727,1.5366397938280252
2021-07-14,0.08492377539479129,1.2852927917449444,1.316091186901413
2021-07-15,0.08902706115477706,1.3238688307777042,1.3308986324688488
2021-07-16,0.10439972173236531,1.3885308893361459,1.3278894560293975
2021-07-19,0.1318015053797453,1.3545450405151518,1.3294888603371575
2021-07-20,0.1499826173081445,1.1448175332609871,1.350223137429682
2021-07-22,0.10789572178993544,0.7943948641786296,1.3603794854653526
2021-07-23,-0.09489323274763936,0.9110554447027446,1.6099891608989918
2021-07-26,-0.10709843463745582,0.9659239906085679,1.6348451223988931
2021-07-27,-0.16986053564195883,1.1592620087839123,1.563412877896303
2021-07-28,-0.18789031541744866,1.0854266004987203,1.3706100934553842
2021-07-29,-0.16553053240666452,1.136594303638667,1.3687027442995106
2021-07-30,-0.15696578521863674,1.1756581547871539,1.3885991902695893
2021-08-03,-0.27714870121187185,1.0305697829867515,1.3125283866404536
2021-08-04,-0.2701782108887893,0.9176936007738428,0.8362058956964931
2021-08-05,-0.2730664793158934,0.8314801246055205,0.9651489113230047
2021-08-06,-0.27834985700841547,0.8800245196587582,0.9897622461814861
2021-08-09,-0.40238737030126037,0.9207146530265427,0.9587764289120111
2021-08-10,-0.583451439136387,1.1087718613342257,1.1509456578879032
2021-08-11,-0.5787846917030955,1.1490057344222815,1.164780451324626
2021-08-12,-0.5493359176579479,1.1767595326174247,1.1736664761178457
2021-08-13,-0.5042303385658007,1.2353484531339114,1.2144875132048563
2021-08-16,-0.2834467488296603,1.4071984267029851,1.4655834734107334
2021-08-17,-0.3134166944871371,1.4197680335531042,1.501217068179138
2021-08-18,-0.29000625451759565,1.3705946396018098,1.5167663544212613
2021-08-20,-0.2785494964674884,1.218060021135502,1.5190091113089659
2021-08-23,-0.2915751688965374,1.5370496560984461,1.2544344237591099
2021-08-24,-0.272145359292454,1.4978066470303761,1.2577367291904713
2021-08-25,-0.24797004523105784,1.5970056277906113,1.163270814449723
2021-08-26,-0.2697554751317137,1.6466831821991597,1.1659749382617304
2021-08-27,-0.27471006113084556,1.7106683851281648,1.2199090364263483
2021-08-30,-0.13165706653815015,1.7119491621823368,1.3041562746032775
2021-08-31,0.03225572186395378,1.8465554072672656,1.2330899932626394
2021-09-01,0.03717279877833954,1.8542357444495028,1.3748988080561726
2021-09-02,0.00658840501682561,1.7167193494462973,0.8736795910428287
2021-09-03,0.009984603849143793,1.7473730816570305,0.7673845239030864
2021-09-08,0.04240929025673706,1.7767687469379283,0.8225616537911086
2021-09-09,0.3529189688314424,2.0033241240022743,0.6102053834456487
2021-09-13,0.35541058420598776,2.0154222435848093,0.5584425882263382
2021-09-14,0.40846288158142496,1.8791231953381222,0.6815061157179069
2021-09-15,0.4647542276607606,1.6991095986832156,0.702994065148085
2021-09-16,0.43655455180647806,1.5969886181338164,0.8282358397698222
2021-09-17,0.4178737913246515,1.6044604884887963,0.8126790069720466
2021-09-20,0.423460674778374,1.5266367473580982,0.8836087944305335
2021-09-21,0.3105412356326381,1.820834174294902,1.5832835528430516
2021-09-23,0.25114784899442877,1.9774958109634748,1.3071280869449589
2021-09-24,0.028800177976443696,1.8560349053061473,1.7797316964811993
2021-09-27,0.03372394235074805,1.9897815153039462,1.8420935724820238
2021-09-28,0.042082085196540484,2.0677162167145022,1.8464181875434338
2021-09-29,0.09798646600024083,1.7054081055787786,1.9035218884714449
2021-09-30,0.09218988990464871,1.7693798757408046,1.9089768390681694
2021-10-04,0.27116815226255303,1.6923638670888723,1.828459056432827
2021-10-05,0.3710906830465665,1.8581638485725598,1.9656865978997609
2021-10-06,0.3911022381927404,1.788673471541082,1.8695704561491682
2021-10-07,0.4054220144010503,1.9621806268109296,1.6490382847018308
2021-10-08,0.40338899795922,1.8578307951292372,1.5308781593200478
2021-10-18,0.40158136595664945,1.9278478068539875,1.4826564025353304
2021-10-19,0.6790808709740438,2.1236629834584995,1.0766380657247177
2021-10-20,0.7033880810705777,2.161112732351077,1.0989441016126553
2021-10-21,0.7086712688746769,2.262399571453707,1.0082779591645459
2021-10-22,0.8097473761243321,2.45934558156272,1.0465406820790124
2021-10-25,0.7219915783019664,2.570327777328853,1.082347584408197
2021-10-26,0.7558524301607545,2.6443182054457175,1.133951987029115
2021-10-27,0.8153998223374053,2.7421756646752007,1.0869619361987357
2021-10-28,0.814845049313238,2.6997777418830156,1.18650357500633
2021-10-29,0.8323057816966217,2.5441945164889144,0.7978082149033059
2021-11-01,0.68093875621542,2.6032455932365144,0.703586098318325
2021-11-03,0.6132717327216922,2.6510259096383844,0.6041188034507546
2021-11-04,0.40859126569946536,2.637306352458208,0.538636033442917
2021-11-08,0.3194928743932625,2.7363785543050034,0.5569772016554073
2021-11-09,0.5560878668482285,3.0245395131853705,0.6093689936669804
2021-11-10,0.5621876757941625,2.804275894275319,0.6486296766766907
2021-11-11,0.46976626456385884,2.8014678239603477,0.6636464398186878
2021-11-12,0.4448464717277608,2.810624720996724,0.6461520669911791
2021-11-16,0.44330427029170266,2.693199567319178,0.5674939640137809
2021-11-17,0.5490300688538877,2.649430236100312,0.7692768298333086
2021-11-18,0.529264066338792,2.624290216799069,0.7499024927657001
2021-11-22,0.6472798969637743,2.7948133737673517,0.9557952803472709
2021-11-23,0.5480979831312821,2.705488718987628,0.7172571287753426
2021-11-24,0.5053453321560067,2.7209670066996607,0.7908952349554901
2021-11-26,0.5109801698847439,2.7123320283441728,0.8334346261600386
2021-11-29,0.5223801128163895,1.7222391208435213,0.8954229933783873
2021-11-30,0.6129167513329646,1.7507869208769067,1.056534461469669
2021-12-01,0.621180227434438,1.5439222726234576,1.055153028912938
2021-12-02,0.6135125152336791,1.4940692346605626,1.0025438596086027
2021-12-03,0.6193687768330879,1.426614834807047,0.9077987078068537
2021-12-06,0.49815772233480693,1.5539924896040782,1.054328894363863
2021-12-07,0.5147687258165762,1.426446103010359,0.9269573787440626
2021-12-08,0.5080905545545485,1.1946541755339861,0.8100530126432213
2021-12-09,0.5050848277395852,1.2560104410582682,0.7977102894269782
2021-12-10,0.6020195079777323,1.403109238873695,0.8443677969546288
2021-12-13,0.568023994351978,1.3560977929614413,0.8706783327230401
2021-12-14,0.5528947820113314,1.379053975383951,0.9227191886544209
2021-12-15,0.5419605029135389,1.4072805546251586,0.9473945300793444
2021-12-16,0.5297936135384832,1.3576208241826833,0.9332232155782326
2021-12-17,0.31704415411965575,1.4222820896694366,0.9379992650797131
2021-12-20,0.3023736627769834,1.453033901888405,0.9146933414440637
2021-12-21,0.2814551325078349,1.3245385136651455,0.6906454507273556
2021-12-22,0.229285204428276,1.3435286251598997,0.7109296881920648
2021-12-23,0.21277069587583994,1.3475370868350058,0.6856665396589622
2021-12-29,0.23480476427109037,1.4561366676226826,0.7143782056102579
2021-12-30,0.60805917826176,1.6560591000174183,0.9007131630896114
2022-01-04,0.6050937237320402,1.654004301915159,0.9024953458727575
2022-01-05,0.6221360936991037,1.7465318323290457,0.6600014516388445
2022-01-06,0.5315405357992692,1.5759813509008422,0.632779564296358
2022-01-07,0.49657828309790386,1.6460186290774856,0.6904205859999025
2022-01-10,0.47264942653527764,1.759423213679259,0.7106236200374851
2022-01-11,0.4701922894115575,1.794114450416473,0.6781731798560472
2022-01-12,0.482330079380745,1.8300610022795136,0.6964451152850704
2022-01-13,0.4874469859224634,1.8937261238301502,0.7325112038444839
2022-01-14,0.5231772389240434,1.6705778618033724,0.7500031995772668
2022-01-18,0.5179421825119813,1.7389426678009297,0.7700611879793426
2022-01-19,0.5110303691796158,1.5006909351833853,0.8411369186345355
2022-01-20,0.3523596183292079,1.547468061844518,0.8735804277889248
2022-01-21,0.3790135735452329,1.4774218808295543,0.9243557535322912
2022-01-24,0.6199560836145619,1.8035662880121033,1.423051234659684
2022-01-25,0.6105651716598248,1.8864858845711954,1.2124429928593752
2022-01-27,0.6006200250676184,1.8334669369355858,1.1975155457829305
2022-01-28,0.41116863492306027,1.8864529283944618,1.2107923846371704
2022-01-31,0.41255357541100823,1.3253440674141366,1.264924269879799
2022-02-04,0.4195358703150877,1.2806497123790197,1.3103040026172752
2022-02-07,0.45736529012935545,1.3242441947821622,1.4517596253982519
2022-02-08,0.530726721089182,1.4065494120152482,1.156377286637401
2022-02-09,0.5285980318276846,1.4302172978841659,1.171101551123908
2022-02-10,0.5233742300096887,1.3373022637921193,1.185601468894068
2022-02-11,0.5170501895635045,1.2355155439315828,1.1117943255205875
2022-02-14,0.439332006208325,1.2660858784228395,1.1721199402386944
2022-02-15,0.41130753055920233,1.296127517215965,0.7756433089913788
2022-02-16,0.39436922463205715,1.2623859480352948,0.8340639094785727
2022-02-17,0.3924277315507906,1.3329841871057964,0.863432020702442
2022-02-18,0.11846763660194219,1.425279379629941,0.9562201689555117
2022-02-22,0.1273003655500183,1.4805304552359635,0.9951029852587755
2022-02-23,0.1848119773397095,1.5009509417907034,1.0617523507790718
2022-02-24,0.1731504437581394,1.4447933360528344,1.091879214545452
2022-02-25,0.2169953755384558,1.4438441745297332,0.6853011329336844
2022-03-02,0.13858818493717595,1.1656327619130893,0.7141479890186513
2022-03-03,0.7161495926800877,1.471370081465179,0.7582098478899151
2022-03-04,0.69206239275758,1.5640033583531736,0.8018357125049376
2022-03-07,0.4040965771393427,1.778910126843217,0.891507291648353
2022-03-08,0.29075918758658165,1.5507822791018802,0.9214758643030865
2022-03-09,0.30771099766681176,1.6428190667782272,0.9363126152163826
2022-03-10,0.08633297421889567,1.6416971811090848,0.9735163592005067
2022-03-11,0.12501429145508666,1.7680913885868181,1.0065007354717113
2022-03-14,0.1376093935653259,1.7887930618295622,1.0272599327210374
2022-03-15,0.12628324936562502,1.8816328328888692,0.9878616066070725
2022-03-16,0.14819298268375045,1.7086418187537153,0.9515068875228861
2022-03-17,0.09700656689126282,1.6409158330489118,0.9987378457229025
2022-03-21,0.08244726727467284,1.6690772141974688,0.9862662030383885
2022-03-22,0.08635522609075894,1.6800734243109636,0.962768683993617
2022-03-23,0.09183399234849586,1.6453782897529583,0.968908074151348
2022-03-24,0.09922567389266598,1.5237620904298992,0.9743563318621341
2022-03-25,0.15537171907363065,1.4225330789212123,1.0123618664886254
2022-03-28,0.15474782657469507,1.499055910634602,1.0287606809622198
2022-03-29,0.09746440837737604,1.6651108150154486,1.1155395274357343
2022-03-30,0.09242636789261297,1.6803144335568139,1.145090287230788
2022-03-31,0.08354969798703328,1.6450090331118832,1.1567623165440244
2022-04-01,0.04140501020354334,1.6161218241925266,1.2023482285343174
2022-04-04,0.014966345497108626,1.695077370915831,1.2666274748250574
2022-04-06,0.02325051496135291,1.6977085536633596,1.110648806436139
2022-04-07,0.2172814792146938,1.5528276061059192,1.4282248680684697
2022-04-08,0.22773122552224728,1.584950644792039,1.4476056427707316
2022-04-11,0.21995187993672002,1.6969901543605705,1.44175260181562
2022-04-12,0.22920081114563037,1.7845303123979326,1.5817589286941864
2022-04-13,0.2419038829366231,1.8490235292377508,1.530775914179107
2022-04-19,0.2755368352743419,1.8027719153815807,1.569792170973747
2022-04-20,0.2529724627826148,1.8779267337360106,1.1856715693027802
2022-04-22,0.2555739693248285,1.9683130117422731,1.1522213654276285
2022-04-26,0.3603446502756072,1.115503853840334,1.2082514347515254
2022-04-27,0.4422803383924339,1.1506933203713756,1.235817464617179
2022-04-28,0.4182279020442031,1.2375835672992581,1.2225309735201666
2022-04-29,0.41352110626381633,1.1946030078902288,1.231906760701782
2022-05-04,0.33084164361783586,1.0167843510687704,1.3102024189330834
2022-05-05,0.18689919769289493,0.8911581250415773,0.8706287480854495
2022-05-06,0.2572411078885361,0.9528333514043223,0.9934783926130504
2022-05-10,0.23601683688640795,1.0133082533371263,1.0077336590113257
2022-05-11,0.585642934487289,1.3379686029156426,1.1771243372624463
2022-05-12,0.5521049084136077,1.444352441927965,1.4204115859573003
2022-05-13,0.5090865835708507,1.5254112858088553,1.378684272919832
2022-05-16,0.4872404468569072,1.4475283230509377,1.3988343248260822
2022-05-17,0.4947904109375603,1.525399058666552,1.4141771785008523
2022-05-18,0.5085998467807972,1.44060789022768,1.1651277436101155
2022-05-19,0.6040748956205657,1.1740832620915358,1.3104976937401647
2022-05-20,0.7210718680334179,1.2851343754228153,1.0756713430866656
2022-05-24,0.7619179901361206,1.3892551045486328,0.9021823093715966
2022-05-25,0.7431335898176629,1.4397773524199873,0.9049648397338638
2022-05-26,0.7193284426834804,1.493709508339516,0.9303890757197938
2022-05-27,0.7157290973221813,1.4167299839706824,0.9033421196607384
2022-05-31,0.6998875556801536,1.2483095125413888,0.8354463498883418
2022-06-01,0.6315567209805331,1.4058067594978882,1.0307693617746836
2022-06-02,0.644037018544704,1.555981724302189,1.1004273539537706
2022-06-06,0.6475505132942496,1.5102507134006244,1.1095129649425897
2022-06-07,0.5331880267902396,1.4977903156345673,1.1224679934238313
2022-06-08,0.5164419148420326,1.508894252098515,1.1467242515284948
2022-06-09,0.5213793341093262,1.5375673396959508,1.1651296947778944
2022-06-10,0.5185895783423712,1.3142020260662917,1.1459274549467557
2022-06-14,0.39337606769416444,1.1638381191303342,1.2755475608125542
2022-06-15,2.185657860960613,1.927570310456617,2.7757877033103773
2022-06-17,2.1657815753432486,1.9836577342164174,2.7730856556776184
2022-06-21,2.05616707136038,1.9130716010426845,2.6440334389530356
2022-06-22,2.029222251626569,1.8405348827158918,2.43168406320727
2022-06-23,2.0039440133139403,1.9497425820446437,2.460239718047449
2022-06-24,1.9590004459725594,2.0568126975429486,2.5427655601555053
2022-06-27,1.9263387831622731,1.7884280033164295,2.608311621966425
2022-06-28,1.903289948331377,1.8900357166645794,2.5575088196644646
2022-06-29,1.872060781679105,1.844024698371381,2.587741684599345
2022-06-30,1.8080921560444563,1.9137697406601402,2.598186150152228
2022-07-05,1.7550413491108738,1.9458875551264598,2.637052133039379
2022-07-06,1.3195792258132168,1.9594583125984522,2.7106077209106307
2022-07-07,1.2344481740705695,2.0194649366449613,2.5537104922099743
2022-07-08,1.2226278352492326,2.098218857699728,2.592480361748243
2022-07-11,1.2051123131521129,2.1971915593789664,2.5440150119917257
2022-07-12,1.3342577928410118,2.402328817516431,2.7128220993165293
2022-07-13,1.33691579753614,2.4657305062341006,2.7420267790986577
2022-07-14,1.3654666407889486,2.543238206470619,2.669962384440514
2022-07-15,1.2018712626479882,2.6543096451455472,2.763151172262974
2022-07-18,1.1836683443665514,2.124971330315779,2.742662893251093
2022-07-19,1.2521212187456823,2.0778662371892356,3.802403536903344
2022-07-20,1.2755537830197698,1.5287298899721047,3.6652361484702536
2022-07-21,1.2292680383985648,1.6032255764237104,3.485269784550271
2022-07-22,1.1560682350462383,1.59681909941605,3.456000223705262
2022-07-25,1.1043003368701292,1.5967601562472495,3.421517451331061
2022-07-26,1.182664547222922,1.74080951827843,3.4885172078886604
2022-07-27,1.1616235136267052,1.6533815114152537,3.15994212808084
2022-07-28,1.2527682644457734,1.5353589939475698,3.422731155499938
2022-07-29,1.2160054604378887,1.593413472901688,3.06424431547432
2022-08-02,1.1865685206878447,1.603027786309819,2.9259735859495066
2022-08-03,1.224245126459178,1.5771188944948744,2.965868175666992
2022-08-04,1.156384160078677,1.5761343468731033,2.9749675499967716
2022-08-05,0.904465874586544,1.6348501492211804,2.9193904934997557
2022-08-08,0.8479480674785039,1.7262830760149042,3.0078864172567243
2022-08-10,0.8579883137392683,1.8252447430825203,2.8636928617893163
2022-08-11,0.8471221410756321,1.5500221324490127,2.90414342203221
2022-08-12,0.8270742122170355,1.5834193288811054,2.904255540219319
2022-08-16,0.8390504553499227,1.3164532209414437,2.8749064107401527
2022-08-17,0.8401743686314558,1.3798202531473551,2.7573199588289308
2022-08-18,0.8698637344217449,1.394906802339141,2.7666008336732446
2022-08-19,0.867766957003107,1.4523833575222433,2.7482735559039586
2022-08-22,0.9992156429688372,1.8404520227792986,3.2662119523169117
2022-08-23,0.9544173695807641,1.458944306161199,2.6832416338638163
2022-08-24,0.9337224744270651,1.523397267877861,2.6841544702776194
2022-08-25,0.924740291324818,1.593857632425429,2.684748577060869
2022-08-26,0.9132928531958641,1.5079808119037523,2.552817545736586
2022-08-29,1.0770138424448525,1.2039829594946554,2.666647439072431
2022-08-30,1.0625403196173415,1.2558683722690192,2.12214400324345
2022-09-01,1.0767801304871065,1.2992459171054314,1.3481557145475715
2022-09-02,0.8498886704112355,1.3012989409457818,1.1102102507425902
2022-09-06,0.8076179601518376,1.328716098328236,1.1302393960472314
2022-09-08,0.9015598486750815,1.5014298661805396,1.1171391769734718
2022-09-09,0.9104750825361531,1.2860206095401638,1.1716589141256004
2022-09-13,1.1394068761765854,1.5608416457445988,1.2243331741736896
2022-09-14,1.2423770439789092,1.2095930533316857,1.1211698942280097
2022-09-15,1.22256468938116,1.2681834810799075,1.1346321206970438
2022-09-16,1.1463543388038437,1.310330594453746,1.4222953647884582
2022-09-19,1.119261089738551,1.3811074888145878,1.3296096514839142
2022-09-20,1.1151877495409788,1.44733887083519,1.341082535595246
2022-09-21,1.1447450967864021,1.5037714206011614,1.202638841138652
2022-09-23,1.1209965926697893,1.433422460544312,1.2932217629297753
2022-09-26,1.1985504084034113,1.4587958623829513,1.1991106800189184
2022-09-27,1.1266287649571465,1.4863912047218213,1.016738539244152
2022-09-28,1.0915138338843602,1.5601138897503477,1.0268773359883574
2022-09-29,0.9720212312327033,1.3495690190467173,0.9966668344648484
2022-09-30,0.9564903562289636,1.0838066621582036,0.9979063983218112
2022-10-03,0.9459008276506762,1.070867657519964,0.8443327225245717
2022-10-06,0.864516218599567,0.9302662203614408,0.8097692369076405
2022-10-07,0.8611517239763377,0.9154365366806353,0.6854795119580664
2022-10-11,0.859137817478199,0.8856980357273653,0.6871158847444786
2022-10-13,0.8848763152831949,0.9303309534617552,0.733713850957751
2022-10-14,0.8467293903188675,0.9044928866964831,0.7541302462175898
2022-10-17,0.8015818005288827,0.8334808629520638,0.7566372043456564
2022-10-18,0.8162451438883573,0.7672044902622719,0.7912816872993728
2022-10-19,0.8273853260212063,0.8048304600104028,0.780832687442391
2022-10-20,0.813758591683176,0.8580368853032861,0.7996670742650775
2022-10-21,0.793484204481235,0.9169107589649984,0.7839565780107135
2022-10-24,0.7760072884468857,0.8419901350063099,0.8014368091662102
2022-10-25,0.7684617529387385,0.8837766135183768,0.8474636761643217
2022-10-27,0.8349925285321976,0.9319236190037099,0.8735243345620058
2022-10-28,0.8302401948237638,0.8344281407420686,0.8543237047006975
2022-10-31,0.7811248767958984,0.7472171506389395,0.9018685090561522
2022-11-01,0.7849951378459268,0.7856576664151442,0.8798195668393699
2022-11-03,0.7563919504053582,0.8426235979945921,0.8332462312110016
2022-11-04,0.7637685023016513,0.6769937112961013,0.889012114841589
2022-11-07,0.8506906743425867,0.7672256299926091,0.9500527014013028
2022-11-09,0.914778251297242,0.8483922206395357,1.0717888495261263
2022-11-10,0.4428448379789542,1.7929387831843464,3.004978400023666
2022-11-11,0.6124908687144179,1.289544760501659,2.759567360927302
2022-11-14,0.6246539584184356,1.3766698500825285,2.6589374041398415
2022-11-16,0.6113705904748187,1.4419439396373117,2.6735206291670273
2022-11-17,0.6066518520914973,1.5079262516674408,2.404875731468719
2022-11-18,0.6007915346376097,1.5884821981665898,2.4014868219073815
2022-11-21,0.5908433560395868,1.661605327186478,2.3793148681418024
2022-11-22,0.6482919633930103,1.7910117926329117,2.4718181891779922
2022-11-23,0.6530521519730994,1.7460471622935207,2.421389357138239
2022-11-25,0.6573018974721273,1.8290822084435736,2.42921989980218
2022-11-28,0.641723030275372,1.9161213331485099,2.169031542573248
2022-11-29,0.6431843489281454,1.7868490628752722,2.155480670629591
2022-11-30,0.6392102072625797,1.8661799030629291,2.174127146156559
2022-12-01,0.6255857758664217,1.4148476836588326,2.22392947475136
2022-12-02,0.40299596650258845,1.4839967653139323,2.2250823004659277
2022-12-05,0.39690720622429093,1.5516545885235737,2.024503400318038
2022-12-06,0.3820270584601352,1.4624700398014596,1.9953295546153262
2022-12-07,0.38682928304056247,1.4695782701993356,1.9901997916202296
2022-12-08,0.3433644771621236,1.5329134887721911,1.986721916383236
2022-12-09,0.3458703356490383,1.5975454914694744,1.992109603283027
2022-12-12,0.33840737207389343,1.6117099123347993,1.9175173287808254
2022-12-13,0.32355752152348416,1.4398093715350468,1.9072935347622542
2022-12-14,0.38419523688521384,1.4911108974034992,1.881543719661124
2022-12-15,0.38165694519974225,1.4684602362120875,1.8800016928386938
2022-12-16,0.4107292960351436,1.1656170677411426,1.7326677209948649
2022-12-19,0.35346522026929744,1.2604356098516054,1.9118215654151152
2022-12-20,0.3623906314738146,1.2665504392623066,1.8400110509991443
2022-12-21,0.3938212798317949,1.3477235278894724,1.7636627189945586
2022-12-22,0.3953892662193483,1.2250424996647724,1.6037783588436838
2022-12-23,0.3679005417334772,1.1803361958552947,1.6034495639914241
2022-12-28,0.36522799211650153,1.2214692734879862,1.2058460601441405
2022-12-29,0.35257323858130274,1.0998034595154726,0.9722108361041369
2023-01-03,0.3541676359138578,0.994616967070767,0.9897543483479675
2023-01-04,0.34437908812144036,1.0148426031323483,1.009060721126986
2023-01-05,0.35416208133841437,1.0508142147880448,0.8927728851038632
2023-01-06,0.34658622099567876,1.0044547771479988,0.9076131014713792
2023-01-09,0.33493308709426567,0.8468699321363341,0.8582474138735543
2023-01-10,0.3380231494067905,0.8864893117775463,0.9130452525547249
2023-01-11,0.33659949962230173,0.9416580011604172,0.8208887350388444
2023-01-12,0.3170392893831485,1.0088599401421008,0.7550890802226651
2023-01-13,0.4387150026484847,1.1628750629010303,0.7592782586341714
2023-01-17,0.5081985046325584,1.2591367824324977,0.7718552040180809
2023-01-18,0.5598553321090365,1.4875262000472516,1.0307596270162407
2023-01-19,0.5797419251752287,1.2755874760031634,1.016178577243851
2023-01-20,0.5904688928849532,1.24210900672708,0.9886852274208475
2023-01-27,0.6278367844810813,1.3656693828464943,0.855044783452701
2023-01-30,0.6344341756018892,1.055762707983191,0.8314082612875409
2023-01-31,0.6326625692061377,1.0585458800374783,0.8430221311161844
2023-02-01,0.6329912634759011,1.0379064170621617,0.8653315408865061
2023-02-02,0.6383644328178815,1.0724062749018364,0.8864141701457409
2023-02-03,0.6389593724259149,1.0344287919673627,0.9050069753620512
2023-02-06,0.4681822867850345,1.0698469214797055,0.8176816881017641
2023-02-07,0.45687437640706946,1.1577294643899396,0.8667527056615515
2023-02-08,0.49620727009249777,1.0801397473071932,0.9243939643983439
2023-02-09,0.4901265601309582,1.0898411830901158,0.8807611302315038
2023-02-10,0.594703086608361,1.2229316552599074,0.9607320852252531
2023-02-13,0.5980431355289134,1.2941599721398382,1.003271692606717
2023-02-14,0.5755957703487874,1.2728465450970434,1.0086461954137975
2023-02-15,0.583108114458683,1.3521751547768157,1.0534246635206168
2023-02-16,0.4520129456945048,1.718896108194756,1.2510905785278645
2023-02-17,0.43887490376127836,1.5649722031794504,1.2849831596594987
2023-02-22,0.42748010898582633,1.6347594870892852,1.2021978794699817
2023-02-23,0.4347798277653617,1.3269289738822718,1.071178799122236
2023-02-24,0.4418281070153881,1.3759165619965261,1.085762512542897
2023-02-27,0.5096465560148283,1.3778627926143077,1.142638440915115
2023-02-28,0.5225718347414634,1.432693666983196,1.1619164493255392
2023-03-01,0.5039233339494921,1.488632552659798,1.183480047753748
2023-03-02,0.5196654372622151,1.514857432866123,1.2374469183415382
2023-03-03,0.5243919783689732,1.5492613860212305,1.2108453229189833
2023-03-06,0.43669676834037174,1.2494054338861305,0.9357402581708394
2023-03-08,0.4319262284638253,1.2578707042891608,0.9631923634220327
2023-03-09,0.5025613418902624,1.2862147463980365,0.9338110744481963
2023-03-10,0.40265069094002565,1.3127960831364023,1.131376194326204
2023-03-13,0.31462563006212224,1.2448534699949274,1.1027460903085902
2023-03-14,1.3334810193259683,1.691067743724708,0.4750922426165549
2023-03-15,1.3348693208009115,1.4211420029409383,0.4839942743690014
2023-03-16,1.2724420452261018,1.4519753400434892,0.5315776853612567
2023-03-17,1.2725605465392864,1.2769134990806004,0.5526955029107622
2023-03-20,1.4068649016845656,1.2522678798939006,0.6456265533005994
2023-03-21,1.397427309420423,1.2910671297715566,0.7093098923871473
2023-03-22,1.186908884444875,1.2703616501362835,0.7680977780794195
2023-03-23,1.1628600331543772,1.241249455773481,0.7444428872950031
2023-03-24,1.1151779492500369,1.322357682251838,0.6618392855327021
2023-03-27,1.1380138762517744,1.393819498708572,0.7523331945849189
2023-03-28,1.0976120191560015,1.4521413419727633,0.7497665920986002
2023-03-29,1.0774929232759436,1.4969816107572098,0.72286184228052
2023-03-31,1.0675530756693385,1.4488410381836754,0.726393332791727
2023-04-03,1.0628036987814227,1.1803798746047165,0.6741006761903348
2023-04-06,1.0169139834871093,1.2230545400763193,0.6811170136965584
2023-04-11,0.9825033914638011,1.2165038238687327,0.7310036742071384
2023-04-12,1.0047325181708322,1.3859670079899016,0.7359801011240646
2023-04-13,0.9900101692485117,1.4297562120765082,0.7563323991638691
2023-04-17,0.9348578330945543,1.3249435891165828,0.7679633879691881
2023-04-18,0.8987435692019615,1.4122700016934175,0.6570812406142378
2023-04-19,0.9289060182666061,1.4987517369558154,0.6658001782876859
2023-04-20,1.0013249450344335,1.607944631107276,0.7890811174700567
2023-04-24,0.9580613510382978,1.6536169544038786,0.7987234855931913
2023-04-26,0.9772175007673125,1.7331167397768101,0.7679443102133271
2023-04-27,0.9707375663851856,0.9299702795095915,0.7821045810703958
2023-04-28,0.9750716707156376,0.9014402565408576,0.8050416627332543
2023-05-02,0.9694816383791796,0.906768354818072,0.7196973988122828
2023-05-03,0.8737698411919423,0.91148800985185,0.6918488702435371
2023-05-04,0.867312071035338,0.9137457202330396,0.6632049221866806
2023-05-05,0.8244732005095369,0.9294024570210742,0.5525662456055777
2023-05-08,0.6874455609930885,0.8553544966405298,0.21913575627066245
2023-05-09,0.6872196260051515,0.9772727679552734,-0.08001065435778884
2023-05-10,0.6753177870018378,1.0135713926885204,-0.0675423063936434
2023-05-11,0.6715271392956412,1.0083748000108597,-0.05911664796799208
2023-05-12,0.704783960217785,1.0781907548996594,0.00302594699599678
2023-05-15,0.6982440227548673,1.1281221130519183,0.02128088387469237
2023-05-16,0.7018261083702022,1.175344906156303,0.0405653288409161
2023-05-17,0.6586390024526726,1.1761596322544834,0.049172735098667465
2023-05-18,0.6432066293473083,1.0760032537391733,0.07186366891832337
2023-05-19,0.6656323570205775,0.9453563695930216,0.09543551047411312
2023-05-23,0.6245929049975713,0.9919752851215655,0.12259478397924942
2023-05-24,0.6186326288061231,0.8857361773092741,0.2061907098250339
2023-05-25,0.6664033131079619,0.9728291037847827,0.2714325753846635
2023-05-30,0.6171759174061835,0.979634505054742,0.2857742047304775
2023-05-31,0.6881199339193054,1.0665975790590763,0.5399954233739342
2023-06-01,0.6712943946418187,1.1161296770858287,0.5760384698301915
2023-06-02,0.635388574751163,1.0266782058742403,0.5998556337518275
2023-06-05,0.5152956899412247,1.005880963811881,0.5913408672837289
2023-06-06,0.5012779920279807,1.1480204454709613,0.515588741818805
2023-06-07,0.5849527144649638,1.3123165842214313,0.5496636918783813
2023-06-09,0.6517553820871254,1.4062518839767797,0.4526653561130024
2023-06-13,0.6334478743940852,1.3708139136924373,0.41721552950959506
2023-06-14,0.665858635622807,1.0161178189249198,0.27945116750790966
2023-06-15,0.6421427756907516,1.089865703081972,0.28295389197798526
2023-06-16,0.6334855402789578,1.0741401046068726,0.269776149135192
2023-06-20,0.6267121454648017,1.0411646376975494,0.33461558517115864
2023-06-21,0.4338148831861771,1.0444358212769043,0.3445835857940876
2023-06-23,0.4346401703339512,0.9775241745225142,0.40373832786863345
2023-06-26,0.3813663527433433,0.9402935830074491,0.37309808248789667
2023-06-27,0.37057368039025895,0.9746273268649512,0.37528382770064483
2023-06-28,0.3494940674439428,0.8915487665436823,0.4105332569195337
2023-06-30,0.35939703906259185,0.9436068311584945,0.28583383302454296
2023-07-05,0.3706132661920152,0.754375113343394,0.5275083137345615
2023-07-06,0.3686870369427662,0.792249872369643,0.4513937678877051
2023-07-07,0.37589879998424236,0.8420340263939801,0.34056378228510237
2023-07-10,0.40735695631186264,0.8921359093161045,0.3259344422394335
2023-07-11,0.40492434343015177,0.9307980567014553,0.3392735984536075
2023-07-12,0.4045042188680312,0.9382775641094214,0.3461514214989043
2023-07-13,0.3462659279469754,0.9112855116483327,0.369475959655557
2023-07-14,0.3183409981712255,0.988244217256684,0.27047510648287104
2023-07-18,0.32575370808893894,1.0779677155440803,0.1509970646312901
2023-07-19,0.2705376461105706,0.8364462105852758,0.05886289332908807
2023-07-20,0.2712830636744926,0.8670226247211446,0.05968648914576083
2023-07-21,0.27819712299464955,0.8408780104232695,0.06358216311848994
2023-07-24,0.27622868182229104,0.8760868611151358,0.07874110943576931
2023-07-25,0.3152425073414586,0.8864816601814494,0.14796133370356554
2023-07-26,0.31555537920103943,0.9163289517104569,0.16149164826497087
2023-07-27,0.31833194308016166,0.944485588072486,0.18471302062167647
2023-07-28,0.31876636357886134,0.905981152466452,0.21691340590189984
2023-07-31,0.3224020904574976,0.7201101691259484,0.2426570756879026
2023-08-01,0.3166731071879054,0.7612895155708632,0.23282124546795055
2023-08-02,0.22204449088554282,0.7689902193332926,0.24065504258526813
2023-08-03,0.234577314886611,0.7267388901974758,0.33104957393151585
2023-08-04,0.24000367242725618,0.7687744119202063,0.34315158212019553
2023-08-08,0.2354668595768049,0.7908594545520043,0.3201556309029315
2023-08-09,0.17220217099278054,0.860223619241842,0.3440170981852814
2023-08-10,0.18403321525605323,0.8686534936047039,0.3492430450360469
2023-08-11,0.18928484394813155,0.9118316802500268,0.3678522357598218
2023-08-14,0.19503140954999992,0.9467131054629515,0.38457794232930564
2023-08-16,0.19845007242194487,0.9167303107775601,0.3991820599106964
2023-08-17,0.24130397886853713,0.8188542034512805,0.3549025558269109
2023-08-18,0.4699873324842637,1.1201062706760936,0.6248329871628845
2023-08-21,0.4826082091082262,1.20260181422708,0.6770408254350322
2023-08-22,0.4756125970940125,1.1825318144028132,0.6793304298622823
2023-08-23,0.4698437092684113,1.2162888437675765,0.7153045504504666
2023-08-24,0.4862715291001285,1.1625089306094645,0.748957043990694
2023-08-25,0.5170508382374926,0.9102379340127698,0.7978395171305157
2023-08-28,0.5155791537972327,0.9219676057557197,0.8010662064379249
2023-08-29,0.509237076505929,0.9503613715058467,0.8118249029691706
2023-08-30,0.7347303928879241,1.112521405126579,0.8792780468002594
2023-08-31,0.722791678968917,1.1797211911246952,0.9225163211096549
2023-09-05,0.7725422815072721,1.3053327322890074,1.0105541958155937
2023-09-06,0.7571757512962916,1.360291995726803,0.678811164753559
2023-09-11,0.7441868801736452,1.3960651233874417,0.6809302396461911
2023-09-12,0.7263000604194682,1.4129407824506233,0.2045293918464789
2023-09-13,0.627641471699634,1.3108918723573613,0.20459941820774202
2023-09-14,0.604734957819793,1.361083550158987,0.22114537386413263
2023-09-15,0.6023724879341105,1.2917948584427816,0.24178080026880475
2023-09-18,0.5778931349068392,1.1146515398740129,0.26476347556786695
2023-09-20,0.5722480971234422,1.1673973082919864,0.28359057415044175
2023-09-21,0.5883547667553692,1.0071616587459717,0.3158534915933447
2023-09-22,0.6422797838719908,0.8848975357726544,0.41710932285553187
2023-09-25,0.6384483042201892,0.9222577423553392,0.4182526874258998
2023-09-26,0.6462851516546856,0.9499820456108734,0.435116788262817
2023-09-27,0.630150555794859,0.8426642943239102,0.4518249578890746
2023-09-28,0.5527003201853036,0.8944660681177251,0.464538743187802
2023-09-29,0.49406926160620107,0.9699531998331126,0.2759235297361826
2023-10-03,0.495428522677952,1.0168973016223573,0.2972674193653973
2023-10-04,0.4052003217362367,0.8514025167810495,0.32286395350728686
2023-10-05,0.38663748180499957,0.8887156230350374,0.35564041052192885
2023-10-06,0.38538677805516874,0.9397544747079228,0.27888732360683555
2023-10-10,0.4073414934457999,0.9551102609723152,0.3086504921396552
2023-10-11,0.2531947165184229,0.8037135796465708,0.2908098763937394
2023-10-13,0.22288416097301994,0.8278044051797246,0.28716300855934945
2023-10-16,0.1554766078220903,0.7580912724431327,0.3216885883202805
2023-10-17,0.13175184283681948,0.9672141211977923,0.31379044578034726
2023-10-18,0.13698237223341211,1.0193230832492703,0.29445490564485316
2023-10-19,0.11587894381031441,0.9066776902397634,0.3041484174413548
2023-10-20,0.13364754953032956,0.8638337070907142,0.31630620072405335
2023-10-25,0.16973944595586804,0.6691963271949395,0.23768112326234578
2023-10-26,0.17251164029369292,0.4196879398458456,-0.8458785869983244
2023-10-27,0.16973892156370166,0.4303919361811995,-0.8003282041870099
2023-10-30,0.17062216782559667,0.45987478414170646,-0.7921098130203486
2023-10-31,0.1891135593174242,0.46462994910316147,-0.7625773904555242
2023-11-01,0.18476283993397977,0.48804914490350926,-0.7501110010184181
2023-11-03,0.17017916814890827,0.5163604135021375,-0.7577016454919886
2023-11-06,0.14394345706823003,0.264054295853249,-0.7322787907041125
2023-11-07,0.1354941414303563,0.2871144740496416,-0.6509377984720295
2023-11-08,0.1178951860712115,0.31403293916105857,-0.6503098020451457
2023-11-09,0.10962133676530685,0.3397778810520045,-0.6487765368964261
2023-11-10,0.15166792028724094,0.31004724811879947,-0.856255302898211
2023-11-13,0.08207946233032232,0.3191590322864688,-0.8615508938597761
2023-11-16,0.0539094973576217,0.3545169163059357,-0.8506998624469574
2023-11-17,0.005056699932890241,0.2589173016486243,-0.9731018977182371
2023-11-20,0.005414806771567547,0.28234413582198703,-0.9542555101947506
2023-11-21,0.008554125888005833,0.3272261923280247,-0.9600864512764503
2023-11-22,-0.10165620476955169,0.3881439051331799,-1.0241174981815742
2023-11-24,-0.13825019138980985,0.45980797297127113,-1.021536640960955
2023-11-28,-0.12277380536448383,0.49031753993792804,-1.0052687124180286
2023-11-29,-0.0953102787685203,0.5191374763126281,-1.005437716125904
2023-11-30,-0.08927575403587751,0.5487363843668017,-0.9387514943115233
2023-12-01,-0.07335884425876776,0.5696322187906089,-0.9257526598864948
2023-12-04,0.01687184920339749,0.6295453504386436,-0.8398894159126523
2023-12-05,-0.3474475668009481,0.4219059669456723,-0.206590393070704
2023-12-06,-0.36273857405415816,0.48977971433802736,-0.12799369970179394
2023-12-07,-0.3610369681059482,0.5134042682886131,-0.1365989213290285
2023-12-08,-0.3514768771968587,0.4631560793672797,-0.17708174501575077
2023-12-11,-0.3674733030266384,0.5095466257363034,-0.1665688953794191
2023-12-12,-0.2559997804539443,0.4300291576005104,-0.19130318673548044
2023-12-13,-0.24848635832926003,0.45012923606474636,-0.13836307583751428
2023-12-14,-0.22966484270382254,0.5242775840743359,-0.11899208426802693
2023-12-15,-0.18792987376568798,0.5535286361848591,-0.017280721393228785
2023-12-18,-0.1617473201036929,0.5962408024842388,-0.20255214077653602
2023-12-19,-0.15787990479390432,0.6286867026636491,-0.17321044137515765
2023-12-20,-0.16050569890496952,0.5898694330037925,-0.17374976295010952
2023-12-21,-0.17211171812399245,0.291207085027635,-0.17185228316082982
2023-12-22,-0.16011637344255025,0.28829929302996976,-0.1294592902170474
2023-12-27,-0.15128892120219986,0.3130127900016866,-0.10005824033249895
2023-12-28,-0.17345912138350555,0.30519869044584913,0.005419939414021254
2024-01-02,-0.1525095779464341,0.3282178715466385,-0.010489637280269606
2024-01-03,-0.22399132705399782,0.16099030236569237,0.000949275409438511
2024-01-04,-0.04291986333528622,0.29953700790681054,0.16650646191382396
2024-01-05,-0.010989861570293826,0.2952580638092935,0.22259029613521927
2024-01-08,-0.004279727724937398,0.3195479573368842,0.2349855999195914
2024-01-09,-0.12728609805618724,0.5528671714136951,0.14037477750556973
2024-01-10,-0.10847534635487804,0.6033621668828623,0.15276886224687752
2024-01-11,-0.10479602759203543,0.624613471294168,0.311378005462879
2024-01-12,-0.08309334988467464,0.6593093754082963,0.32162835507467136
2024-01-16,-0.41945109476633075,0.7441641867224537,0.14017255108445423
2024-01-17,-0.3841798333730635,0.7078584462729203,0.17151618960503492
2024-01-18,-0.34386226162800093,0.7358515794970714,0.2743743260833578
2024-01-19,-0.3962568813920175,0.5506300810044448,0.31908850267389594
2024-01-23,-0.37887018980701936,0.5088042850349015,0.33400293783395013
2024-01-24,-0.3515407914157747,0.49544247647058837,0.8541973172171586
2024-01-25,-0.3419159507560139,0.5256102788004937,0.8138209734068493
2024-01-29,-0.3287950765158994,0.5373767068129746,0.8285925700967466
2024-01-30,-0.2581899032392772,0.8162098246855434,0.8729294446164351
2024-01-31,-0.25171956749863894,0.8497781192165385,0.8345921572275885
2024-02-01,-0.2544896619925999,0.6429015809035097,0.7928321580511574
2024-02-02,-0.23925974863622831,0.6251531959796564,0.807216015817025
2024-02-05,-0.2118662718174246,0.6164422622665264,0.8144249658579082
2024-02-06,-0.1815963230149683,0.6583640381815313,0.8336253756174499
2024-02-07,-0.1557020095670722,0.6961730904888885,0.8880510058777589
2024-02-08,-0.15216982072431792,0.7529798641268682,0.9050366642654589
2024-02-09,-0.15862674944538838,0.7903874689237613,0.8646095839742802
2024-02-14,-0.214265524705542,0.8897743425084879,0.9017033334467656
2024-02-15,-0.6877579960284287,0.8323962947232141,1.1176435735889283
2024-02-16,-0.6572192904474572,0.8318473413040077,1.139124621537032
2024-02-20,-0.6287624254167457,0.810487004989427,1.116736043535953
2024-02-21,-0.5889015815220771,0.7827772604446618,1.2959983608198322
2024-02-22,-0.5433235070617967,0.8206785158382046,1.276108990072775
2024-02-23,-0.5239467143457859,0.42329943380789503,1.222346711806387
2024-02-26,-0.52261139435215,0.45773030421474425,1.2526653240795016
2024-02-27,-0.6599379066148021,0.4485609762660957,1.159852472797842
2024-02-28,-0.6308164572899618,0.5007545826925461,1.1818577738214229
2024-02-29,-0.672400422100477,0.5594189987088737,0.9178585165544684
2024-03-01,-0.6749979664099351,0.550201422654896,0.9323337555951721
2024-03-04,-0.4481816062891308,0.580825954617335,0.8981160950299807
2024-03-05,-0.16862465729991827,0.5795790081862964,0.9566673664032259
2024-03-06,-0.2787462672391533,0.7924033138061217,0.99074971304427
2024-03-07,-0.21596156268516972,0.8587731303769758,1.1324279709956526
2024-03-11,-0.19942068984330139,0.8258707419255428,1.1417666024755793
2024-03-12,-0.025792158462531,0.6204908832417537,0.9393444202880942
2024-03-13,0.007402431818115526,0.5389506299148052,0.9608766740460171
2024-03-14,0.04486743989554158,0.5610850925862606,0.7690216374592334
2024-03-15,0.08675081160793201,0.6151137635646917,0.7110347063720586
2024-03-18,0.1033655846709301,0.6779845468287163,0.7882748231404101
2024-03-19,0.10857470915529624,0.645265131239422,0.8408973338756325
2024-03-20,0.19784398624549923,0.5516389496795681,1.3085132975141553
2024-03-21,0.2797233598021326,0.8828471965914394,1.4939124116188331
2024-03-22,0.16122411149752042,0.8899998102750635,1.4184713353859693
2024-03-26,0.22109011272495593,0.930346125547102,1.3403572164339717
2024-03-27,0.463109200847555,0.8459598704370754,1.3176792586228732
2024-03-28,0.43918698479075347,0.7755717272961389,1.276054811121691
2024-04-02,0.4520550401383851,0.8113490243063239,1.2386672210813838
2024-04-03,0.0849078166159436,1.0718462887300146,1.1037183089370353
2024-04-05,0.09628858581283148,1.1050627368987609,1.0986510090200399
2024-04-08,0.15950303540341823,1.1368699586404214,1.0851511193946968
2024-04-09,0.16597541896773232,1.0946741192833145,1.3174867357251523
2024-04-10,0.1428445432873934,1.1268869576862546,1.392456893513812
2024-04-12,0.12069187891394269,0.8417404672156796,1.3812922570056592
2024-04-15,0.00245238320029035,0.9643172476649274,1.695864133699057
2024-04-16,-0.0642528914924249,1.0941776427344387,1.7328341049060996
2024-04-18,-0.05032665125979068,1.102813450879172,1.6620972324985286
2024-04-19,-0.038627192924055885,1.0603558076072426,1.6150818608501496
2024-04-22,-0.02794747821565846,0.9468469862775005,1.561861215887976
2024-04-23,-0.22663510593527408,1.0402115068289464,1.6229244504793854
2024-04-24,-0.2164874872001043,0.8934484414800105,1.6265179518046533
2024-04-26,-0.19475486265513617,0.9657980240332018,1.646327833137326
2024-04-29,-0.19325306164541783,0.9538513583835008,1.645399764984595
2024-04-30,-0.18363348005011482,0.9713007659338514,1.5780085722556387
2024-05-02,0.04898085910085804,1.0233719480831929,1.6984859267055634
2024-05-03,0.04472486111595724,1.0299521307717585,1.697265245398484
2024-05-06,0.04519752319789443,1.1590148757711325,1.4409903188258468
2024-05-07,0.05140347497578801,1.1155233638071833,1.4578363016291618
2024-05-08,0.06203247118858653,1.1590587320656132,1.4648664937728906
2024-05-09,0.07252433443394447,1.2190511146831187,1.4765738024212658
2024-05-10,0.11734338269592232,1.2884040728614532,1.0072325117311594
2024-05-13,0.004496774497651885,1.3512913599411236,0.9766122556711171
2024-05-14,-0.07065557491724703,1.4137060824415688,0.9971999665132293
2024-05-16,-0.09366205779297146,1.3804965713995847,0.9594250986420912
2024-05-17,0.014657060763964141,1.5302533182736568,0.9835986942024363
2024-05-21,0.08467391764596806,1.5939280795117863,1.0667749726148954
2024-05-22,0.102699808243243,1.6845321288589528,1.3434339589287283
2024-05-23,0.14462576990010506,1.706404336679837,1.321182916194677
2024-05-24,0.20198925223458625,1.5901864009354363,1.0854453057993434
2024-05-28,0.20418600129375933,1.5281055916539255,1.1000932011402629
2024-05-29,0.1957004528735006,1.5607172806034417,1.034405895774304
2024-05-31,0.21022540878637638,1.491321771005,1.0433437094646936
2024-06-03,0.2130577981895318,1.5055145925542608,1.0097625037376323
2024-06-04,0.24722641766000894,1.557251449428556,0.5310804496863345
2024-06-05,0.18881132938932657,1.5220425852080404,0.21408211756955045
2024-06-06,0.20869872014164717,1.0500815515277733,0.21091292980817009
2024-06-07,0.20696430884047598,1.0962539210845814,0.21738423957336622
2024-06-11,0.25976803318868813,1.1628034497919768,0.19669497614958667
2024-06-12,0.2657989998625809,1.1301542510859925,0.2128605500393419
2024-06-13,0.2815014976320018,1.1020685328619524,0.22385381738873847
2024-06-14,0.3297995412053529,1.1557080990513289,0.2335029704040811
2024-06-18,0.29836773569370617,1.2083578538043889,0.243724238892161
2024-06-20,0.30773194532262477,1.0342066618094015,0.2538657782712899
2024-06-21,0.29622759381537916,1.062747949573394,0.26484412458758105
2024-06-24,0.31073893772012096,1.107871746705451,0.27664999636188176
2024-06-25,0.28742530084182366,1.3618253826847373,0.2963500926849927
2024-06-26,0.2614204093599752,1.4216183423194988,0.3114372393199822
2024-06-27,0.2890747194182868,1.459009190671808,0.3173117833227323
2024-06-28,0.3068912116338334,1.4899761226457515,0.3454658506033612
2024-07-02,0.3181346329581041,1.4993013059336993,0.37357162068405425
2024-07-03,0.31126026376994037,1.4773954975014767,0.39193642095514447
2024-07-05,0.19727372111575456,1.4051458351394785,0.367358734666216
2024-07-08,0.06453188004697778,1.3173093693280504,0.4042905154066315
2024-07-09,0.06809095234492184,1.346909982936678,0.4158723969233567
2024-07-10,0.07763321830920013,1.3817464676514608,0.43559617859690414
2024-07-11,0.07547818383743182,1.124339708280033,0.43259104491927525
2024-07-12,0.04400541198039809,1.039666630439286,0.44733453982901655
2024-07-15,0.0473221560916919,1.0557639261680187,0.46057766190537014
2024-07-16,0.1432610257547016,1.4382210475066304,0.6011333569497702
2024-07-18,0.1393402059621485,1.3757634339701132,0.6104991313716654
2024-07-19,0.15962513011428783,0.9024573095316382,0.5847748170827338
2024-07-22,-0.0022847536688591313,0.8974969135906445,0.4802732868167774
2024-07-23,0.0001772898212457373,0.8858940094540328,0.5022822773147073
2024-07-24,-0.012180861372689795,0.953731078354632,0.5042916527078832
2024-07-25,-0.01289496360017878,0.7126084711488103,0.5744307033332474
2024-07-26,-0.023012308018390305,0.741271597084486,0.6175300427372583
2024-07-29,0.026523189604271618,0.791461005094611,0.6467433835862897
2024-07-30,0.03581212100381835,0.8433701416025104,0.659008303124882
2024-07-31,0.019973572566791893,0.8834514402050404,0.6742278180541603
2024-08-01,-0.009500166216964845,0.7221410971303002,0.6695418179104132
2024-08-02,-0.0011280885124620955,0.6392990591018183,0.6776242329176124
2024-08-06,0.05439131221289137,0.7708549669877514,0.9631330064042934
2024-08-07,0.288324303213043,0.989544323440847,2.1212994278067883
2024-08-08,0.2947091243727168,1.028775680315449,2.0003708649538656
2024-08-09,0.6063923302292971,1.27830214605251,1.994834154126632
2024-08-12,0.5905045308949296,1.3310971137064616,1.8929390059366538
2024-08-13,0.5109823658281059,1.414734165948894,1.9148956588102568
2024-08-14,0.5116103577176306,1.3395013118710661,1.8537658241884902
2024-08-16,0.5612064365049777,1.4076776182339108,1.87912058287986
2024-08-19,0.4632033873200294,1.2238718244420892,1.5844077848019833
2024-08-20,0.4641280178825676,1.248015996720297,1.606522695791652
2024-08-21,0.4588760893640327,1.3114583733823517,1.5992138282427928
2024-08-22,0.4481865335546282,1.405451221182722,1.623689009563635
2024-08-23,0.4563227269951591,1.4130218562746009,1.6340492444878445
2024-08-26,0.5814696262942066,1.5263630199685496,1.68255579789583
2024-08-27,0.5772955856741596,1.590930686670664,1.6297652536113185
2024-08-28,0.6079974805041506,1.711233787121828,1.729135250827325
2024-08-29,0.6069315640621986,1.719001497395754,1.7495752600818317
2024-08-30,0.5893764624554272,1.779516278287291,1.7332215033627625
2024-09-03,0.5624824010796833,1.6522200617960088,1.727228447835566
2024-09-04,0.5797746059005114,1.2672767958308946,1.7323485266099683
2024-09-05,0.5783516981737904,1.3270405506478709,1.6886401662596124
2024-09-09,0.5225702565643708,1.4286073119683789,1.7324895477114863
2024-09-10,0.5030051320584261,1.4204196459755705,1.5940054289207275
2024-09-11,0.5053504268402513,1.4715248103204412,1.5940517024156045
2024-09-12,0.5035531765152619,1.3633149588177578,1.603630434538332
2024-09-13,0.4950646156498414,1.377527477499742,1.2324480008095355
2024-09-16,0.5805022944807016,1.499058738027117,1.2301704808957103
2024-09-17,0.6151960132647877,1.614857426615039,1.3067762171564403
2024-09-19,0.5543471140017766,1.6989764404910541,1.3268472429467058
2024-09-20,0.6162166755475372,1.6642469303931076,1.2968164576299877
2024-09-23,0.5829074163385903,1.6902902002325877,1.2884123092313846
2024-09-24,0.57880958953408,1.741554391221601,1.3339153002424902
2024-09-25,0.586969627378835,1.7906836252372509,1.3486314320691837
2024-09-26,0.5742368897125265,1.8521722375995717,1.3528600007742224
2024-09-27,0.6105984679612388,1.9309675893464764,1.3426230813750215
2024-09-30,0.5554593587607445,1.9422615274141823,1.334107297040908
2024-10-03,0.5975404300555142,1.8415919009107728,1.3230635383684817
2024-10-04,0.4765199849668554,1.8399961334931654,1.6740438367304504
2024-10-07,0.4530479952885875,1.730619305302222,1.5857402031930032
2024-10-08,0.4499336924567069,1.541145594253418,1.5322272919352014
2024-10-09,0.4284775121667845,1.454712158192122,1.5205620788919008
2024-10-10,0.4667406428681871,1.4183892581576585,1.5768421629472356
2024-10-15,0.4490707032786607,1.4666661681633293,1.6023964245118516
2024-10-16,0.996463838121738,2.0212575472035486,1.8008487934473623
2024-10-17,0.9825061698069611,2.029517309668351,1.7943166660368344
2024-10-18,0.9497812737284629,2.0726199646302006,1.6911797542899192
2024-10-21,0.9375189228065991,2.090819632567776,1.7088328557105483
2024-10-22,0.9139062088166658,2.130812309689617,1.7014130702191799
2024-10-23,0.8761718609310125,2.151168599129601,1.5754267926484498
2024-10-24,0.8620991930006101,1.8840766198684813,1.6577710533091645
2024-10-25,0.8836908010922183,1.9548706233740831,1.6647286335240505
2024-10-28,0.8730555770112932,2.021395442021165,1.7202336519412307
2024-10-29,0.9022945870085112,2.1708482143775645,1.829025814764254
2024-10-30,0.968649310443845,2.2633642473356055,1.866921182165418
2024-10-31,0.9232479297992608,2.2018191202937283,1.8133506886610427
2024-11-01,0.9350560923982733,1.4890626845952741,1.959664794421694
2024-11-04,0.9322405465885406,1.5298232433802577,1.9515487244344372
2024-11-05,0.943665663781725,1.6200347539338438,1.953334963016233
2024-11-06,0.9474565766924385,1.515374914733878,1.8900544920233207
2024-11-07,0.2528896343729065,1.5430505966320665,2.34847070152567
2024-11-08,0.24943266862174673,1.5603814060362744,2.051767741076787
2024-11-11,0.24683449174848934,1.6288804963158723,2.0566276304425424
2024-11-12,-0.466816613651113,2.1979483045876176,2.302398535942475
2024-11-13,-0.4506283217867745,2.2644128935278447,2.23501273628983
2024-11-14,-0.4629956760649938,2.356972289855182,2.009459763595051
2024-11-18,-0.43191442145223147,2.4175900271283233,2.0707541561538463
2024-11-19,-0.32366499435518203,2.198968966454968,2.056602804684073
2024-11-21,-0.3046376373101403,2.2696929277820743,2.075948099224126
2024-11-22,-0.15286752483795316,2.4602073751616977,1.8708339693068454
2024-11-25,-0.1309417226988277,2.467076373012937,1.2482791765265124
2024-11-26,0.13836776262542433,2.5983130169427304,1.2340270832741815
2024-11-27,0.14270354652139502,2.5427786049995427,1.2742151924924412
2024-11-29,0.17160347339292725,2.440455926194978,1.410467118060132
2024-12-02,0.18446672683475596,2.3454487362220213,1.4311875558434586
2024-12-03,0.20154848734957673,2.3412181852691605,1.4338450346663478
2024-12-04,0.20436129169808517,2.355117952873425,1.368867553381889
2024-12-05,0.21641241455343072,2.3532508618043004,1.4059870146701
2024-12-06,0.24986197996660783,2.3968797827489112,1.3163335265709928
2024-12-09,0.2720027289827323,2.4605189968835144,1.3223888887348767
2024-12-10,0.23295561449297594,2.3417508521530928,1.4690273005168426
2024-12-11,0.20610764570172224,2.358825784272863,1.48013239377207
2024-12-12,0.29151692845114247,2.341709904174176,1.5337572719921826
2024-12-13,0.3033628856916236,2.2445982725761144,1.4916209247379422
2024-12-16,0.2738573225167363,2.2744090694003085,1.4244954674251415
2024-12-17,0.2677748258847224,2.3964814060004067,1.3678921404745794
2024-12-18,0.2703149703498955,2.3591211864340784,1.3102237937163679
2024-12-19,0.33086114549285367,1.3727712947441464,1.5000916042544803
2024-12-20,0.37376070815424756,1.4575817793017756,1.6184091208722453
2024-12-23,0.35424042044324633,1.4199032117156623,1.3301588896190537
2024-12-27,0.4187163716511202,1.5128782810501897,1.3368791660961998
2024-12-30,0.41376676214548735,1.5780277973614945,1.2945887008083463
2025-01-02,0.42604135069698307,1.559454403701172,1.257688476032484
2025-01-03,0.5531723667891558,1.6669919345632298,1.0043060115329767
2025-01-06,0.5427030327758018,1.5515717482769353,0.9599587089379907
2025-01-07,0.5348422938445954,1.6694391158863038,0.8111837566422005
2025-01-08,0.5096334547660597,1.7296351676670056,0.8598276833953828
2025-01-10,0.4978054213479949,1.7993888467779717,0.8831619034978363
2025-01-13,0.4379838610187489,1.5478826310997307,0.8952101138330862
2025-01-14,0.42594838686504843,1.5976618246280785,0.9527207699009475
2025-01-15,0.4528167887326231,1.665646161414075,0.9949926189330368
2025-01-16,0.5195141686049289,1.5383489523562899,1.0472533284291567
2025-01-17,0.48186619247557294,1.6035580233177258,1.0627901276285676
2025-01-21,0.5078804058241683,1.672442952656307,1.0569529217309153
2025-01-22,0.5054868012719409,1.7395930434508595,1.1401768682497535
2025-01-23,0.46950455619790915,1.6779251075711994,1.0816942896568256
2025-01-24,0.4676589350164376,1.7096868408556707,1.116102843127106
2025-01-28,0.468806729965718,1.7423701999715242,1.1247530373776322
2025-02-03,0.5147886318973707,1.846568833057238,1.301550024164229
2025-02-04,0.4028443647622642,1.6242942815446826,0.834043215801756
2025-02-05,0.33717956536675076,1.442728991701682,0.5304640971087236
2025-02-06,0.31599634277261934,1.4535826746136222,0.5461158940411633
2025-02-07,0.31730338349535053,1.470458545735891,0.5830986925909626
2025-02-10,0.3154356999148389,1.4373345291354183,0.6007181448095106
2025-02-11,0.31232438789845773,1.4619077855637808,0.5632325820579746
2025-02-12,0.32535080957605833,1.540262949932621,0.5927982103559093
2025-02-13,0.2934927885550735,1.3083122621385688,0.508743458004758
2025-02-14,0.27636907765878826,1.1693283933427467,0.5307124963138812
2025-02-18,0.2336255193281208,1.2164946512467938,0.5108280807935522
2025-02-19,0.14943999010341658,1.2523866900211362,0.5224060650095002
2025-02-20,0.1450518176951541,1.306689604236324,0.534670685624687
2025-02-21,0.16647267317804987,1.272655504663178,0.5452359728233089
2025-02-24,0.21345263739769332,0.9595692561324637,0.6454375685156534
2025-02-25,0.1870713449675991,1.1165973947448413,0.8133568323854213
2025-02-27,0.2688865903780453,1.212551788626386,0.8289344024558317
2025-02-28,0.3077648211630922,1.2965831652520339,0.7615426064511538
2025-03-05,0.297500261966149,1.079688858975507,0.7679792407838335
2025-03-06,0.578116698873248,0.7534652945918637,0.7554471907585341
2025-03-07,0.5876725748788776,0.6690847710709226,0.7381435587572339
2025-03-10,0.6158175316336981,0.6874419491142058,0.7403346344501035
2025-03-11,0.8304029035153346,0.899387611932599,1.1165838378159183
2025-03-12,0.9214661698088865,0.9640855117020123,1.1592561765953697
2025-03-13,0.9089677112721006,1.0191956747495652,1.168788082778222
2025-03-17,0.7528444361015886,1.0527783405226152,1.1987276026234195
2025-03-18,0.7582401582476769,0.9737101642243524,1.2110143495825754
2025-03-19,0.6953367396826811,1.0002088218498608,1.0384790194899798
2025-03-20,0.6719761660721453,1.0946115297402441,1.0510730740896315
2025-03-21,0.6953008772861431,1.1824668361832433,0.8893984994827948
2025-03-24,0.6787428100297118,1.245475834713414,0.8533815776721085
2025-03-25,0.6293108479444561,1.2626236872454586,0.968128593255096
2025-03-26,0.6275885247432113,1.3164106158621187,0.9784116089785776
2025-03-27,0.6244254333962553,1.2771151214634675,1.0269098174537394
2025-03-28,0.5668395165616519,1.3405690718806886,0.9636792580525108
2025-04-01,0.5536167543209018,1.1039921277520937,1.1244014000578546
2025-04-02,0.5475887955980098,1.1497756756579023,0.8935524468616096
2025-04-03,0.4886945117193416,1.1640155734518869,0.7961733345259902
2025-04-07,0.4329240821888824,0.5215223349249406,0.7986790983387474
2025-04-08,0.5327058054325848,0.42783770550372474,1.3652476779747604
2025-04-09,0.5139523899208753,0.47027308688687225,1.2503275018298965
2025-04-11,0.6939820901349145,0.413822888704586,1.3831723379653422
2025-04-15,0.5407280387314614,0.4330691556635367,1.3124026434052325
2025-04-16,0.5484066570250453,0.46231692030363014,1.2625885743020517
2025-04-17,0.5112235708635797,0.4718940264559719,1.2910691992464092
2025-04-22,0.5148240425297981,0.5049874881676127,1.248600467976004
2025-04-23,0.6642184367750253,0.5971651393383494,1.3846308712647533
2025-04-24,0.5791249728060578,0.6176859387612519,1.4101588056325214
2025-04-28,0.5696765418565511,0.6208752403125889,1.4407923724140592
2025-04-29,0.5777440934797037,0.6606487823930629,1.4713053520465558
2025-04-30,0.5886126494469636,0.7046698206817852,1.4958294620243295
2025-05-02,0.5961328666301936,0.7512344490084782,1.5238930057507403
2025-05-06,0.5123250748909571,0.7817931644435786,1.5162125367086696
2025-05-07,0.3874834015690494,0.7626286672288919,1.5487602138583048
2025-05-08,0.39466532374778923,0.7950309792492056,1.53508096087623
2025-05-09,0.32598731676387405,0.9216648789632591,1.5962813427982103
2025-05-12,0.3231499020104915,0.9311192014999305,1.6869196382684726
2025-05-13,0.2977430358495885,0.8069373973845994,1.364459352564576
2025-05-14,0.30480925896170985,0.8600561055701976,1.1227990547493265
2025-05-15,0.308402906317848,0.9144860618283757,1.133102141439501
2025-05-16,0.31089998696516574,0.9446979960860346,0.9748226932174598
2025-05-20,0.31597315357400435,0.9827088559819538,0.9947521895897595
2025-05-21,0.34362345512370085,1.030652404599576,0.9529484087171988
2025-05-22,0.3673863204518739,0.9058501055892155,0.9679155147500347
2025-05-23,0.3717241436354189,0.9660407609522592,0.9357762262386432
2025-05-27,0.3044171024721319,1.0701693399056817,0.8268449234636908
2025-05-28,0.2739280137064598,1.0462651360577138,0.7582151680238349
2025-05-29,0.2816010083533372,1.1005660837965616,0.7745359799006837
2025-05-30,0.2807214349562582,1.1367601270240333,0.7839172853117342
2025-06-02,0.2986206303276799,1.2051100350373678,0.8360114551503542
2025-06-03,0.3124158901266756,1.2531019151024407,0.8581614382509078
2025-06-04,0.32222216881483984,1.2804352558797256,0.8482973097246415
2025-06-05,0.3207263290438335,1.301705893183699,0.8554998301896931
2025-06-06,0.34930584727223213,1.3998961529380616,0.7756958187910371
2025-06-10,0.3337595723438817,1.3779664981661746,0.7980288750441865
2025-06-11,0.34561219795764153,1.5652083211506798,0.9590419466920722
2025-06-12,0.3572875095156726,1.603523885920163,0.976582303979246
2025-06-13,0.30062240658445116,1.6674466342612402,1.045152499412195
2025-06-16,0.29118298773060314,1.463695321127254,1.0792485679057942
2025-06-17,0.29007202279329186,1.1846799957535898,0.9115469839844778
2025-06-18,0.31502455749428226,1.1900939628276106,0.9287507216517993
2025-06-20,0.32065136991034204,1.2465168019424926,0.9458656574319511
2025-06-23,0.3358288751223775,1.3132211750272738,0.7172717894782781
2025-06-24,0.34959727198260415,1.3103501164941338,0.7093062660458629
2025-06-25,0.31070746926734466,1.2983888137406197,0.7212809028512214
2025-06-26,0.31453854779666274,1.3115044971786676,0.7171040207182331
2025-06-27,0.31761995977113705,1.2285877308170632,0.6487427842021543
2025-06-30,0.29628096468685855,1.2829219693734686,0.6648842109149953
2025-07-02,0.2997655690618251,1.3240364290162856,0.6065479726529215
2025-07-03,0.32561328831184155,1.3626370448011642,0.617550610935915
2025-07-07,0.32574111322767657,1.288828174941261,0.6263707354645976
2025-07-08,0.34234319603093255,1.2166954999907464,0.6515245919725258
2025-07-09,0.3418932541254019,1.269925305490881,0.7179682560507044
2025-07-10,0.34515156390035184,1.3409738542738068,0.6390202056945543
2025-07-11,0.37292577697029433,1.4818961359506237,0.5199253280761341
2025-07-14,0.3872050427340423,1.4782542257207776,0.499034841466646
2025-07-15,0.3901793185126191,1.5455246052502778,0.494389598570697
2025-07-16,0.4156157855200146,1.6028875289723135,0.5891784473671376
2025-07-17,0.4215758779413915,1.6241671103333017,0.6331287759186631
2025-07-18,0.4173069539170621,1.6174356875969924,0.5539970211083671
2025-07-21,0.40316765336814375,1.64148017135707,0.5147235877586259
2025-07-22,0.3492763559250168,1.646109955715018,0.6639019277059808
2025-07-23,0.39231235615449883,1.6934784597783177,0.676498571553145
2025-07-24,0.4068955297413692,1.365600415715413,0.5399660486260212
2025-07-25,0.41231661927519175,1.4008118941284866,0.47224804760324185
2025-07-28,0.4193014958392894,1.374937410354599,0.42879764556372246
2025-07-29,0.4138746935640943,1.4064254593706396,0.3895123872361012
2025-07-30,0.4131134191026492,1.4321369218361435,0.3842179881016295
2025-07-31,0.4120877089771867,1.4487813794595497,0.3990236504899879
2025-08-01,0.39335914260167026,1.4063135366857609,0.37606546972112576
2025-08-05,0.2881669282933429,1.0219953193778275,0.6679373574719439
2025-08-06,0.30452487988005883,0.9449359302302839,0.7594828452368633
2025-08-07,0.3056440055023061,0.9909128488018821,0.7197846583171031
2025-08-08,0.33837767237106764,1.0561083861524845,0.7730702693366654
2025-08-11,0.3150783886212787,1.0924068045944202,0.5714665316803109
2025-08-12,0.1661507964522916,1.1321973321827992,0.7109981032300049
2025-08-13,0.17203467901316322,1.0330002451936762,0.6898211151015944
2025-08-14,0.18640439849980264,1.1189106224893752,0.7417278218479918
2025-08-18,0.29476076301595755,1.2723433862026747,0.8037848983381379
2025-08-19,0.306732357828516,1.3459472236968117,0.567796748435015
2025-08-20,0.38216818010881987,1.4100733712579574,0.5789335423556643
2025-08-21,0.39134697299490967,1.3847858804626976,0.5960138271472896
2025-08-22,0.4123473884461145,1.435073438513018,0.6132237218718183
2025-08-25,0.5339403437039182,1.3061654319981002,0.2772531676467587
2025-08-26,0.5873035367900081,1.5332801662837334,0.14903322184166687
2025-08-28,0.6027500626200926,1.5658460133309269,-0.0036372975562654684
2025-08-29,0.5781006201662199,1.5881898862135644,0.08586976967178428
2025-09-02,0.4730574517474403,1.6909134729247919,0.16177776831487664
2025-09-03,0.5157113558987494,1.7381540613016002,0.13743487227748039
2025-09-04,0.5039599895956881,1.7575977331324417,0.1911641341922334
2025-09-05,0.5129174970101914,1.6185557359885303,0.19494183335346446
2025-09-08,0.48394829299054065,1.6632374260762686,0.20876155855176548
2025-09-09,0.49461900640066403,1.723261210864033,0.22190903474257134
2025-09-10,0.5018840720189169,1.7773665593126704,0.23366685065251125
2025-09-11,0.5189546547943326,1.8184193548674437,0.26337831419616536
2025-09-12,0.5090323973826403,1.7803843222550388,0.2626223134681212
2025-09-15,0.5125568383584328,1.8244132352349698,0.44240520118758847
2025-09-16,0.4865691080671732,1.7864242380479687,0.5130602025119786
2025-09-17,0.48770278757391067,1.7546303220242916,0.48926404702908155
2025-09-18,0.4957624404557822,1.7430672045409275,0.5008921836620852
2025-09-19,0.4615915847447792,1.7200600585605788,0.4974077227672207
2025-09-22,0.4168627032703951,1.522298681120442,0.5284445494823813
2025-09-23,0.2677126650911624,1.5413058001625553,0.8071871781922014
2025-09-24,0.24118329370521369,1.5461188158223265,0.811523341605369
2025-09-25,0.21390382661466528,1.5982353229115294,0.8156679279062462
2025-09-26,0.22743303699246806,1.7433771122986543,1.155277596273742
2025-09-29,0.23178902962059472,1.6978068872422392,0.8110021071217067
2025-09-30,0.3293563742162767,1.8172225709583092,0.7726713219340482
2025-10-03,0.3241942079422803,1.7784860580092503,0.795882570072125
2025-10-06,0.5188464128881705,2.1067277026137528,1.1904800524478627
2025-10-08,0.5322768600493589,2.125357235639168,1.2527062225288912
2025-10-09,0.39596739089782873,2.1226387290329747,1.301637634071098
2025-10-10,0.39458090577742067,2.12151644072029,1.1983736250585162
2025-10-14,0.3533352156402942,1.5681840247594696,1.0284406002126008
2025-10-15,0.24590600706133048,1.5218898159401126,0.7320310096043315
2025-10-16,0.2304331261032111,1.576244315065666,0.5952886483714303
2025-10-17,0.18996146459396365,1.47132461226868,0.633082408315618
2025-10-20,0.21154714141238792,1.5014639877115865,0.5746458363963635
2025-10-21,0.28363453912607195,1.5713786259558287,0.6463557329824223
2025-10-23,0.26059918125375736,1.6704853371664472,0.6757740483567732
2025-10-24,0.26939659750106215,1.7440442750686032,0.6895418980314274
2025-10-27,0.2753011049069848,1.738938784840695,0.6468908989851256
2025-10-28,0.22719649514718937,1.6799683303485973,0.7771183610081493
2025-10-30,0.23486896262146265,1.692729653678462,0.7422748463184405
2025-10-31,0.22542488068426064,1.7884145752454532,0.8029499694641097
2025-11-03,0.22976990272960263,1.8398170031447636,0.7710956191969047
2025-11-04,0.22863149324775614,1.9151773547554372,0.7018365554067598
2025-11-06,0.2951963535731477,1.9168058578640657,1.1246326586770576
2025-11-07,0.2971061307262989,1.8234931691654659,1.0661996641107598
2025-11-10,0.31249579579616577,1.9201676458608963,1.0754072550647362
2025-11-11,0.33631306930578153,1.7286148478631542,1.1234825752188615
2025-11-12,0.35343020746544307,1.8255941738869892,0.9911079380147227
2025-11-13,0.30753298264738094,1.9129501228763026,0.9632293435508427
2025-11-14,0.32231049279814994,1.6366548113902502,0.9613039771003321
2025-11-17,0.43584271349273845,1.8024377488107348,0.8875109379671059
2025-11-18,0.4636267660474876,1.7612411762878877,0.8585987357019077
2025-11-19,0.46694465328836515,1.682406038924124,0.7288347617545372
2025-11-21,0.4712031897281914,1.754960700060838,0.636951732167885
2025-11-24,0.5207085502723705,2.063442341653649,0.599304010111256
2025-11-25,0.5943058920496761,1.5413622291125604,0.8725024601595567
2025-11-26,0.5848644926055571,1.616307405588089,0.8064653659533005
2025-11-28,0.6190493618751381,1.7193549385593558,0.8071738560667009
2025-12-01,0.5966186920919284,1.742141441604743,0.8155062625390553
2025-12-02,0.5957814088014434,1.9233398013530778,0.9464827947986091
2025-12-03,0.5140255891666753,2.1311397061596016,0.8549801094230095
2025-12-04,0.5357345677406102,2.195651836447122,0.9120561003009104
2025-12-05,0.5222565832025747,2.244185284954606,0.8634532355765877
2025-12-08,0.558080296595629,2.375656721439602,0.8452119476167642
2025-12-09,0.536848435840282,2.401823137870923,0.6382129530973017
2025-12-10,0.5587738925741464,2.485693371081576,0.5478941702748084
2025-12-11,0.5643455830420439,2.468710694413056,0.5409480483380505
2025-12-12,0.5007584293992552,2.511248576848927,0.494483892156949
2025-12-15,0.4668478736616098,2.444916148657396,0.22639065690716803
2025-12-16,0.44680608487926066,2.5377729917439766,0.2050167086539463
2025-12-17,0.4515268115358906,2.5655641068762622,0.21325022670217184
2025-12-18,0.39032247559921446,2.2117675229677536,0.24394030119555066
2025-12-19,0.4102805865377506,2.2590347024823565,0.27775940486899
2025-12-22,0.4296073872190116,2.2564662969063143,0.37694508432612006
2025-12-23,0.39987495759371744,2.291345194105146,0.3893079856637644
2025-12-29,0.36763702763378286,2.2329537690699053,0.404466400899144
2025-12-30,0.2656818995307762,2.260194176971543,0.42779617873031206
